Time,X-averaged positive electrode hysteresis state,Minimum negative surface potential [V],Minimum negative particle surface stoichiometry,Maximum negative particle surface stoichiometry
0.0,-0.24586951609201738,0.09201178800488001,0.8928682468883679,0.8928682468883679
9.996,-0.24586951609434674,0.09201178800487833,0.8928682468881551,0.8928682468882041
19.992,-0.24586951609671998,0.09201178800490331,0.8928682468879776,0.892868246888076
29.999,-0.24586951609868724,0.09201178800488638,0.8928682468878985,0.8928682468880269
40.001,-0.24586951610055122,0.09201178800488607,0.8928682468878245,0.8928682468879778
49.996,-0.24586951610276211,0.09201178800490768,0.8928682468877035,0.8928682468878903
60.007,-0.29649796596632766,0.09526608381249624,0.8851535023326453,0.8866915726810741
70.014,-0.3877098080335104,0.09516023538893434,0.8770436025309708,0.8808944840126247
80.009,-0.4669710561862896,0.09512669177712618,0.8712925715521669,0.8769852220671227
90.011,-0.5360163791608209,0.09511167218779026,0.8663785943932819,0.8736624649022254
100.007,-0.5961108142639234,0.09510770365955008,0.8619448750912406,0.8706555899013313
110.003,-0.6484447841399313,0.09510419911226546,0.8578324663349145,0.8678546892577198
120.01,-0.6940423315621042,0.09510255700216477,0.8539479536823555,0.8651979867722029
130.006,-0.7336820692848538,0.09510180538073658,0.8502403595032243,0.8626534309129716
140.021,-0.768228210181237,0.09509827695882919,0.8466666807824876,0.8601949787068747
150.0030018,-0.7981981284712035,0.0951015000189306,0.8432024725674085,0.8578054565608632
160.0110042,-0.8243560030297509,0.0950983039973847,0.8398187108402628,0.855468890968201
170.0060013,-0.8470796324853626,0.09509841389443877,0.8365105118228855,0.8531813934601772
180.0140038,-0.8668855895471136,0.09510173610805993,0.8332455093155411,0.8509205340991692
190.002996,-0.8841071586603922,0.09510171187555093,0.8300328724275128,0.848694849638931
200.0150017,-0.8991201840661686,0.0950986135309605,0.8268623206699646,0.8464980764880011
210.0020024,-0.9121467872846072,0.09509879400709499,0.8237341107464556,0.8443289858595037
220.0130022,-0.9235095152527583,0.09509892368598888,0.8206246103381933,0.8421716935266199
230.0090052,-0.9333827473797678,0.09509906005820207,0.8175430211032735,0.8400329972962555
240.0080054,-0.9419836764898,0.09510232988675882,0.8144727466179809,0.8379007271817336
250.0080015,-0.9494640670817194,0.09510239576394086,0.8114188542771131,0.8357799034003655
260.0160039,-0.9559893258405174,0.09510245898311193,0.8083791883054505,0.8336687846816933
270.0100053,-0.9616575253087978,0.09510251837512619,0.8053570451893939,0.8315694588170461
280.0129987,-0.96658318072933,0.09509941245859746,0.8023511545120842,0.8294818661125881
290.0029968,-0.9708709585084725,0.09510279915557739,0.7993509036654761,0.8273964499453282
300.0060003,-0.9746029441160549,0.09510285365758213,0.7963521124847924,0.8253120918158948
310.0079979,-0.9778649509401522,0.09510293358210017,0.7933616437867406,0.8232335006581114
320.008004,-0.98070413729392,0.0951030283894505,0.790377951053369,0.8211593921228911
330.0109974,-0.9831755469143386,0.09510313173651569,0.7873985183166033,0.8190879932612127
340.0140009,-0.9853279391038636,0.09510318427979482,0.7844235124483108,0.8170194230087443
350.0120054,-0.9871987159049069,0.09510020563124205,0.781461362105465,0.8149603017133658
360.0149989,-0.9888237727424264,0.09510351123564996,0.7784934455023003,0.8128954828625682
370.0040012,-0.9902445277578218,0.09510365363309708,0.7755300832463906,0.8108338768767942
380.0030015,-0.9914870744834077,0.0951037600226805,0.7725676437272124,0.8087728141410827
390.0190003,-0.9925671594206775,0.09510079637456714,0.7696106807784882,0.8067159868509294
400.0089984,-0.9935040767520534,0.09510415600808243,0.7666557074854741,0.8046586723274298
410.0120019,-0.9943241940729547,0.09510433425624751,0.7636967055196197,0.8025983897204754
420.0139995,-0.99504407825438,0.09510452932973205,0.7607411551023706,0.8005401428803842
430.0129998,-0.9956655645102467,0.09510152766764264,0.7577970064726252,0.7984898888335447
440.0029979,-0.9962114491078998,0.09510507113645719,0.7548492160320344,0.796434849761581
450.0060014,-0.9966869281282215,0.09510538964190847,0.7518971712384653,0.7943761299083532
460.0199986,-0.9971058056846962,0.09510572650617027,0.7489452271166462,0.7923165348409694
470.0069993,-0.9974708566896587,0.09510602813094607,0.7460038912103834,0.7902629211337342
480.0100028,-0.9977871519509507,0.09510340123473762,0.7430685388740934,0.7882124096084221
490.0120004,-0.9980650623388724,0.09510720808642747,0.7401282436631477,0.7861550583744834
500.010005,-0.9983052870640774,0.09510779805590958,0.7371902097385776,0.7840969251534994
510.0129984,-0.9985159415674603,0.09510841045437742,0.7342558118546431,0.7820386374493213
520.0029965,-0.9987012015382511,0.09510623158218148,0.7313373731452368,0.7799888753412993
530.0039984,-0.9988634190429562,0.09511038317656992,0.728412958639529,0.7779293115588758
540.0040045,-0.9990045316850819,0.09511148945320594,0.7254929794098334,0.7758679210539788
550.0080037,-0.9991293618924693,0.09511270001591708,0.7225797870672108,0.7738058599827435
560.0109971,-0.9992378887821516,0.09511113081510972,0.7196837493791122,0.771749214394283
570.0049985,-0.9993328844764897,0.09511624655555753,0.716792034350109,0.7696858379713426
580.0200015,-0.9994157139211353,0.095118296466736,0.7139043289907583,0.7676149601078434
590.0070022,-0.999488479841518,0.09511760067881672,0.7110469046348564,0.765555090847595
600.0110015,-0.9995523839194191,0.09512370743468816,0.708193204597052,0.7634824530726169
610.003997,-0.9996077697705025,0.09512707942328637,0.7053606287688721,0.7614072770261409
620.0110036,-0.9996561385967453,0.09513095644723558,0.7025482585470543,0.7593264692148427
630.0100039,-0.9996988122249556,0.09513243835478824,0.6997712193706829,0.7572496403220983
640.0059968,-0.9997363489137373,0.09514092750731576,0.6970163650285857,0.7551614137076307
650.0139992,-0.9997690525286309,0.09514398629582975,0.6943003171474584,0.7530693021531077
660.0080005,-0.9997978036836246,0.09515446138868836,0.6916198266885969,0.7509672717175409
670.0020018,-0.9998228190028282,0.09516287893999978,0.6889854388874834,0.7488552743489361
680.0080027,-0.9998449082624019,0.09517257936495635,0.6863984408843375,0.7467327036412524
690.0140035,-0.9998643090220237,0.0951837137876377,0.6838687060284728,0.7445994550739143
700.0020001,-0.9998811140359997,0.09519340381918241,0.6814185803176586,0.7424631052937184
710.0100025,-0.9998959078920768,0.09521133151151212,0.6790241593824278,0.7403012077353115
720.0060054,-0.9999088708104875,0.09522821435500294,0.6767057102481474,0.7381240559956089
730.0119962,-0.9999202679178327,0.09524735875115578,0.6744669137005677,0.7359274995127674
740.0140039,-0.999930234490996,0.09526902028058702,0.6723153557471209,0.7337111629824016
750.0150058,-0.9999388969386775,0.09529029731379102,0.6702641219598146,0.7314774015856395
760.0039981,-0.9999465062852682,0.09532091688701888,0.668296325311372,0.7292146396404008
770.0099989,-0.9999531761581799,0.0953517969448895,0.6664163838126248,0.7269175799120613
780.0159998,-0.9999590300271568,0.09538620883187882,0.6646290149031513,0.7245909092357058
790.0159958,-0.9999641508582524,0.09542448047908153,0.662933908686465,0.7222317848511327
800.011003,-0.9999686267365823,0.09546692852958304,0.6613276443830198,0.7198370577812583
810.0039984,-0.9999725418240047,0.09551390621128437,0.6598055564968639,0.7174029513753053
820.0070019,-0.999975971747492,0.09556585060864303,0.6583610707273793,0.714923370430592
830.0160001,-0.9999789657213727,0.09561985008818114,0.6569974188155673,0.7124017289786432
840.0109972,-0.9999815895869234,0.09568282026443362,0.655700736370987,0.709835369563198
850.0149965,-0.9999838842121068,0.09575558447451714,0.6544560112484881,0.7072051442927568
860.0050046,-0.9999858848243791,0.09582878050613057,0.6532753610409769,0.7045282801810185
870.0210034,-0.9999876459761993,0.09591683285711962,0.6521324531516928,0.7017814811891824
880.0069983,-0.9999891827394211,0.09600667255570122,0.6510400539017758,0.6989865789441779
890.0100018,-0.9999905338217578,0.09610979858516668,0.6499799945036188,0.6961254023102089
900.0130053,-0.9999917156860243,0.09622770933404569,0.6489395976742295,0.6931890339261935
910.0170046,-0.9999927502365797,0.09635154373752522,0.6479268636831149,0.6901901177903179
920.0040053,-0.999993654688402,0.09649286762021336,0.6469303300870025,0.6871297446704676
930.0069987,-0.9999944477009433,0.09665132016227802,0.6459369362196359,0.6839940831762522
940.010998,-0.9999951418309786,0.0968329633660215,0.6449358473050203,0.6807838420822078
950.0110041,-0.9999957480841162,0.09703386320286914,0.6439273086034991,0.6775098953180332
960.0130017,-0.9999962799803148,0.09726071653100471,0.6429035619670745,0.6741810317484165
970.0039956,-0.999996744646188,0.09751369563189315,0.6418622695982379,0.6708154893383833
980.0080049,-0.9999971517207863,0.09780509907728226,0.640784395439846,0.667411677880824
990.0070052,-0.9999975078556551,0.09813697055794347,0.6396613442894352,0.6639886897228329
1000.009999,-0.9999978196534418,0.09851961379274059,0.6384783294782377,0.6605562119716463
1010.013002,-0.9999980925721036,0.09895170402825011,0.6372343700851469,0.6571428234473061
1020.012002,-0.9999983311611848,0.09943748159709853,0.6359299707233034,0.6537804027866819
1030.002996,-0.999998539810504,0.09999536374525117,0.6345443169281114,0.6504747712055808
1040.006,-0.9999987226061293,0.10061666703496014,0.6330819181083864,0.6472446439455921
1050.009999,-0.9999988825643428,0.10132165424885754,0.6315307400456435,0.6440946203658424
1060.013002,-0.9999990225596632,0.10210356552215914,0.6298950824166729,0.6410328553503313
1070.024998,-0.9999991451998115,0.10296849789760633,0.6281776446538714,0.6380598521180305
1080.002997,-0.9999992521097982,0.10391428277832726,0.62638824634519,0.6351827417559339
1090.006996,-0.9999993458582245,0.10494650816976381,0.6245207250549245,0.6323769758267378
1100.009999,-0.9999994278597931,0.10606082328215097,0.6225853890708999,0.6296422097563912
1110.025002,-0.9999994996452465,0.10724885435976587,0.6205921979787183,0.6269726366885429
1120.012999,-0.9999995622765288,0.10851573653638462,0.6185412703779438,0.6243574697982434
1130.002001,-0.9999996170670756,0.10984515357714501,0.6164378838158423,0.6217860301858014
1140.006,-0.999999665112612,0.11123055840467513,0.6142879070439962,0.6192513731998552
1150.023005,-0.9999997071843677,0.11266043978218797,0.6120950440981244,0.6167475995649591
1160.009,-0.9999997438714868,0.11411500232306755,0.609873035522826,0.614280691505611
1170.012999,-0.9999997760230829,0.11558676621639807,0.6076145007511373,0.6118345199172535
1180.016003,-0.9999998041432522,0.11705784463384637,0.605326519864182,0.6094106064567831
1190.013001,-0.9999998287236431,0.11851211418604353,0.6030128243175997,0.6070078418191244
1200.005997,-0.999999850205934,0.11992950842429255,0.6006811996441379,0.6046292735561505
1210.009,-0.9999998690172045,0.1213149554112369,0.5983160766997407,0.6022582508555548
1220.012004,-0.999999885477638,0.12264370022280605,0.5959251229653739,0.5999000435864483
1230.013006,-0.9999998998706716,0.12390697720561317,0.5935132573810985,0.5975575389055465
1240.003004,-0.9999999124404897,0.12509703278056963,0.5910816520130785,0.595231217587657
1250.005997,-0.9999999234478265,0.12621160217312707,0.588624162815308,0.5929149480617784
1260.009001,-0.9999999330734664,0.12724601046327486,0.5861435620299568,0.5906114972177102
1270.012004,-0.9999999414874379,0.12819362402473986,0.5836468322674406,0.5883268312675838
1280.026997,-0.9999999488532876,0.12907051836026956,0.5811155832463417,0.5860458618905076
1290.015004,-0.9999999552800986,0.12986401476552298,0.5785636414479731,0.5837819783165906
1300.005002,-0.9999999609047,0.13058165041873399,0.5759875017005645,0.5815317821817889
1310.008005,-0.9999999658240193,0.1312240804758362,0.5733897987636888,0.5792976487580548
1320.022998,-0.9999999701193119,0.1318083689034396,0.570754838425969,0.5770675567856196
1330.012001,-0.9999999738778541,0.13232619265677548,0.5680978667049824,0.5748545229230914
1340.015004,-0.9999999771692561,0.13278739331776662,0.5654118463313522,0.5726523888972356
1350.012003,-0.9999999800436828,0.1331962795461586,0.5627011958566153,0.5704644677522402
1360.006004,-0.9999999825561795,0.1335579990324166,0.5599653480177835,0.5682896582005937
1370.008002,-0.999999984754726,0.13387762381151425,0.5572019650803075,0.5661252020033779
1380.002999,-0.9999999866750316,0.13415910567628622,0.5544161612666972,0.5639738880961582
1390.011001,-0.9999999883558579,0.13440707551411174,0.5516035777348229,0.5618308998154506
1400.008,-0.999999989823425,0.13462453347930656,0.5487727996363425,0.5597010671771743
1410.009002,-0.9999999911061618,0.13481223650371574,0.5459282865754645,0.5575858572931809
1420.015998,-0.9999999922282452,0.13498333954914124,0.5430569475226887,0.5554723400324696
1430.009004,-0.9999999932068039,0.13512702943401692,0.5401779289848337,0.553374556661168
1440.011002,-0.999999994055796,0.13525586559898045,0.5372832985500045,0.5512840117568033
1450.010998,-0.9999999948038849,0.13537231620416135,0.5343680098909597,0.5491927239022614
1460.019996,-0.9999999954604148,0.1354718896923879,0.5314388351641769,0.547105358981198
1470.012006,-0.9999999960332647,0.13555901366156067,0.5285082315626409,0.5450284331358192
1480.012998,-0.9999999965347414,0.13563561909946248,0.5255690841891778,0.5429545526995001
1490.013004,-0.9999999969730223,0.13570282891274177,0.5226259852063405,0.5408851048052177
1500.015001,-0.9999999973548802,0.1357591173244159,0.5196865217950817,0.5388243124467959
1510.007997,-0.9999999976869418,0.135814581725802,0.516740312733506,0.5367614913683975
1520.015003,-0.9999999979780497,0.13585791022402247,0.5137950776284128,0.5347025136949172
1530.015,-0.9999999982315773,0.1359022739877736,0.5108462911252504,0.5326406504247179
1540.016001,-0.9999999984529151,0.13593915073543508,0.507897165166749,0.5305785120496659
1550.020001,-0.9999999986485759,0.13597204642804014,0.5049516724860503,0.5285171420863232
1560.009003,-0.9999999988194582,0.13600160349172624,0.5020151548521544,0.5264588830017863
1570.011001,-0.9999999989687386,0.1360283808933408,0.49907989398644537,0.5243973824102447
1580.005002,-0.9999999990990264,0.1360527499636588,0.49615280450993365,0.5223364544598683
1590.002996,-0.999999999212978,0.13607505113299073,0.4932311656723068,0.5202731854907855
1600.010999,-0.9999999993126618,0.13609580034122357,0.4903139742824537,0.5182059462792239
1610.014002,-0.99999999939963,0.13611490527004338,0.48740659294845196,0.5161377158354565
1620.028,-0.9999999994756992,0.1361302604470508,0.4845119459984702,0.5140701610693164
1630.015996,-0.9999999995414732,0.1361506706331624,0.4816275519344474,0.511998387377123
1640.002997,-0.9999999995987372,0.1361673543146824,0.47875203743160616,0.5099224408920409
1650.017004,-0.9999999996495182,0.13618361791912728,0.4758804356255563,0.5078385626106254
1660.005001,-0.999999999693918,0.1361995259171513,0.4730286689470936,0.5057564617949397
1670.006998,-0.9999999997324284,0.13621228533790003,0.4701946543853853,0.5036733282605359
1680.014005,-0.9999999997659162,0.136231175342925,0.46736541162682577,0.5015771801303642
1690.002997,-0.999999999795219,0.1362443160958301,0.46456211735992353,0.4994852938842788
1700.008998,-0.9999999998208708,0.13626395338850175,0.4617627995617984,0.4973779902283064
1710.014999,-0.9999999998432247,0.13628076378975978,0.45898020596299405,0.4952643547013051
1720.008004,-0.9999999998628503,0.13629518732898413,0.4562280012254496,0.4931548915787393
1730.008996,-0.9999999998800382,0.13631655431836562,0.4534847541859573,0.4910297397736907
1740.012995,-0.9999999998950615,0.13633547785656763,0.45076053818703676,0.48889619318980654
1750.015003,-0.9999999999082156,0.13635246141375093,0.4480677841328862,0.4867628684338751
1760.005997,-0.9999999999197147,0.1363766160132757,0.4453931221410507,0.4846165287472543
1770.009001,-0.9999999999297616,0.13639909631271532,0.4427388139669364,0.4824577112549014
1780.010002,-0.999999999938626,0.13642252501499394,0.4401110860290848,0.4802918321423576
1790.012,-0.9999999999463828,0.136444604100749,0.4375183981054653,0.47812218203219653
1800.015004,-0.9999999999531696,0.13647422723636196,0.43494650383647643,0.47593537060481494
1810.005997,-0.9999999999590934,0.13649961460565677,0.4324128528024091,0.4737444065574861
1820.009001,-0.9999999999642466,0.13653305162028342,0.4299023895950473,0.4715326754425781
1830.010003,-0.999999999968749,0.1365652585961086,0.427423814466247,0.4693079314218083
1840.014002,-0.999999999972707,0.13659649304960003,0.42498605998550293,0.467077022666626
1850.003004,-0.9999999999761494,0.13663306667063949,0.4225880458921177,0.4648349505730392
1860.007004,-0.9999999999791492,0.1366753763144294,0.42021349968498073,0.4625658882695322
1870.009001,-0.9999999999817679,0.13671725852243377,0.41787651737771725,0.46028162651288435
1880.010003,-0.9999999999840772,0.13676170574312663,0.41557708069081195,0.4579836401866626
1890.014002,-0.9999999999861034,0.13680619094988972,0.41332176566704565,0.4556746531758112
1900.004996,-0.9999999999878604,0.13686016730384112,0.4111022269061945,0.45334363509206954
1910.019004,-0.9999999999894071,0.13691453062205544,0.40891319905213575,0.45098791354008183
1920.007996,-0.9999999999907538,0.13696922428659672,0.40677719212052094,0.4486260091513791
1930.010999,-0.9999999999919277,0.13703414659098231,0.40467067223407444,0.44623434484858865
1940.014003,-0.9999999999929559,0.1371001989538098,0.402599746469142,0.4438208464356504
1950.004001,-0.9999999999938523,0.1371703410097384,0.4005708778920668,0.44139065842621855
1960.003997,-0.9999999999946351,0.13724226124507263,0.3985842479762586,0.4389426309056077
1970.007996,-0.9999999999953151,0.13732542868158273,0.39662658428715347,0.43646434915756016
1980.011995,-0.9999999999959083,0.1374107985984108,0.39470202233041995,0.43396203309488574
1990.014999,-0.9999999999964294,0.13749865740595263,0.3928175714532434,0.4314456057985604
2000.020004,-0.9999999999968846,0.13759562107292447,0.39096443410457193,0.42890607772463746
2010.007005,-0.9999999999972795,0.13770251285127155,0.3891352503193988,0.42633947087023544
2020.009002,-0.9999999999976263,0.13781319476145037,0.38732984161267175,0.4237466441741358
2030.013002,-0.9999999999979294,0.13793118320323514,0.3855514565174157,0.4211324924806543
2040.012998,-0.9999999999981936,0.13805372523517082,0.383804522544354,0.41850397747526125
2050.002996,-0.9999999999984219,0.13819100846989388,0.3820736546561185,0.4158494516139081
2060.007005,-0.9999999999986217,0.13833460375634274,0.38035684942792497,0.41316916577320845
2070.009999,-0.9999999999987975,0.13848771644930447,0.37865606276445135,0.4104721501534492
2080.024006,-0.9999999999989513,0.1386510438761729,0.3769669639248681,0.4077545753730026
2090.014004,-0.9999999999990853,0.13882199071335033,0.37529864942885205,0.4050325498801077
2100.002996,-0.9999999999992017,0.13901091845900082,0.37363083418715604,0.4022897244873985
2110.006,-0.9999999999993036,0.13920997313525402,0.37196291557992245,0.39952759580564723
2120.021003,-0.9999999999993926,0.13942253420512093,0.37029618318731705,0.3967521300686328
2130.008999,-0.9999999999994703,0.13964882332072445,0.36863322045123753,0.3939752359567479
2140.012998,-0.9999999999995378,0.1398907508368239,0.36696403118532744,0.39118700504208126
2150.002997,-0.9999999999995967,0.14014858819588388,0.3652907958861522,0.38839819862369857
2160.020001,-0.9999999999996485,0.14042446499403027,0.36360404395043194,0.38559981255005016
2170.005,-0.9999999999996932,0.14071782130819013,0.3619112997829472,0.38281079584171535
2180.009,-0.9999999999997324,0.1410312397676262,0.36020166354252037,0.3800193579528787
2190.012999,-0.9999999999997663,0.14136533914012625,0.3584762370058078,0.3772332053570785
2200.004003,-0.9999999999997964,0.14172060900101374,0.3567356166387903,0.3744584425519795
2210.003999,-0.9999999999998225,0.1420954057276197,0.35498055090077807,0.37169686274158076
2220.007998,-0.999999999999845,0.14250204289018553,0.35319688947818567,0.3689398209879627
2230.009996,-0.9999999999998648,0.14293118068547653,0.35138892555770534,0.36619491294085527
2240.022997,-0.9999999999998821,0.14338757852139547,0.3495578718665652,0.36346263527706857
2250.014001,-0.9999999999998974,0.14387108936940735,0.34770721464699783,0.36075273075199116
2260.010004,-0.9999999999999104,0.1443842742697517,0.34583136825113375,0.3580584972353861
2270.012997,-0.9999999999999217,0.14492413826881267,0.34393623575958054,0.3553861895607059
2280.011998,-0.9999999999999318,0.14550315218587345,0.34201026034179893,0.3527271072497883
2290.007005,-0.9999999999999405,0.1461130310560065,0.3400580121203548,0.35008488105212787
2300.016003,-0.9999999999999482,0.1467579645688946,0.33808021625234386,0.3474583952730016
2310.024005,-0.9999999999999548,0.1474384733737259,0.3360791249694032,0.34485038678947844
2320.014999,-0.9999999999999607,0.14814984754873198,0.3340650626904281,0.34227045386907073
2330.016001,-0.9999999999999654,0.14890288619423175,0.3320262895958042,0.33970485209382034
2340.015997,-0.99999999999997,0.14970073533711165,0.3299568159977189,0.33714735296560133
2350.002998,-0.9999999999999737,0.15053479301362435,0.32786865179221736,0.33460768739518093
2360.013998,-0.9999999999999772,0.15141112359198167,0.3257574301238695,0.33207799187322384
2370.003996,-0.9999999999999801,0.15232703610999793,0.32363232721770147,0.3295676761794353
2380.004002,-0.9999999999999827,0.1532859183698893,0.32148750801914366,0.3270678424726524
2390.005004,-0.9999999999999848,0.15428739725296003,0.31932579959715757,0.324579841083533
2400.017,-0.9999999999999868,0.15533278184494975,0.3171459738295656,0.3221003367697211
2410.004,-0.9999999999999885,0.1564182542634431,0.31495685792017775,0.3196373978994872
2420.003996,-0.9999999999999898,0.15754737348933856,0.3127513632034498,0.3171811048625245
2430.016998,-0.9999999999999911,0.15871423301923093,0.3105366518094443,0.314736487587325
2440.015998,-0.9999999999999922,0.15993000174819594,0.30830633429642035,0.3122976774397478
2450.016004,-0.9999999999999933,0.16117817941977544,0.30606907226252494,0.3098701197795714
2460.016,-0.9999999999999942,0.16247466011785933,0.3038157305655893,0.3074445710733244
2470.015996,-0.9999999999999948,0.1638069002854814,0.3015508883843976,0.3050236951858006
2480.023003,-0.9999999999999956,0.16517547854402645,0.2992770609115093,0.3026084883719933
2490.005005,-0.999999999999996,0.16657457584222404,0.2970009072674881,0.30020511679146367
2500.005997,-0.9999999999999964,0.16800814234802824,0.2947127334128347,0.29780240680494924
2510.022005,-0.9999999999999969,0.1694732596516742,0.29241383541779786,0.29540088360248673
2520.012003,-0.9999999999999972,0.17096101915578193,0.29011415893572956,0.2930100590991407
2530.011004,-0.9999999999999974,0.17246672702542826,0.2878126635737727,0.2906271655659814
2540.010004,-0.9999999999999977,0.1740026603412694,0.28549834292340714,0.2882421337263851
2550.022,-0.9999999999999979,0.17555605539697874,0.28317303832911833,0.28585543613833697
2560.009,-0.9999999999999981,0.17711791363873522,0.280849644761403,0.2834793161887786
2570.010998,-0.9999999999999983,0.17869171000432738,0.2785179376882793,0.28110302583558233
2580.013006,-0.9999999999999984,0.18026399460857337,0.2761883473362046,0.27873599107070635
2590.003004,-0.9999999999999988,0.18184678483535877,0.2738500973823242,0.2763686745136117
2600.012998,-0.9999999999999989,0.18342951091170756,0.27150032949305924,0.27399715393441537
2610.014,-0.9999999999999989,0.18499702890848987,0.2691569770722906,0.2716380963123313
2620.015002,-0.9999999999999989,0.18656605018347885,0.2668020555308523,0.2692750859905611
2630.026997,-0.9999999999999989,0.1881216169791517,0.26443917324011385,0.26691050499304786
2640.013998,-0.9999999999999989,0.18964929982890621,0.26208658370115834,0.26456164011314776
2650.014004,-0.9999999999999989,0.19116995315562973,0.25971946900528786,0.26220554155015235
2660.014996,-0.9999999999999989,0.1926661613160804,0.2573471732351172,0.2598501410313128
2670.013,-0.9999999999999989,0.19412883356462882,0.2549801867551129,0.25750492897074934
2680.014002,-0.9999999999999989,0.19557421761450894,0.2526014579731128,0.25515501092003123
2690.015004,-0.9999999999999989,0.19698741287903077,0.2502177703018958,0.25280582424371834
2700.022997,-0.9999999999999989,0.19836868245262382,0.24783027491565177,0.25045827120560465
2710.009997,-0.9999999999999989,0.19970659675937597,0.24545156795995673,0.24812414203038705
2720.003003,-0.9999999999999989,0.20102051802002396,0.24306041314658572,0.24578415789809935
2730.007998,-0.9999999999999989,0.20229787065193813,0.24066155071691991,0.243441870620231
2740.004997,-0.9999999999999992,0.20353689402225603,0.2382627871739037,0.24110449346897117
2750.005003,-0.9999999999999992,0.20473932838540906,0.23586050075792395,0.23876845282525588
2760.009002,-0.9999999999999992,0.20590538122290264,0.23345445545613172,0.2364332468804932
2770.011,-0.9999999999999992,0.20703474749514134,0.23104629405311491,0.2341000747625669
2780.021999,-0.9999999999999992,0.2081293447042732,0.22863368705636422,0.23176617534983973
2790.013003,-0.9999999999999992,0.20918680779291202,0.22622429944872882,0.22943829488881815
2800.003001,-0.9999999999999992,0.21020567303631038,0.22382051959214405,0.2271172373837891
2810.006005,-0.9999999999999992,0.21120275907269045,0.2214063361634009,0.2247879746037936
2820.015999,-0.9999999999999992,0.21216882422316632,0.21898797020472094,0.2224550538297932
2830.007999,-0.9999999999999992,0.21310527859034004,0.2165766894736161,0.2201272630397004
2840.009996,-0.9999999999999992,0.21401789578955466,0.21416570562170242,0.21779657351486087
2850.012004,-0.9999999999999992,0.21490889111712536,0.21175855107726255,0.21546444561726041
2860.002002,-0.9999999999999992,0.21578034716458458,0.20935983567468078,0.2131331724196294
2870.015003,-0.9999999999999992,0.2166345569158643,0.20696946242091785,0.21079941222735565
2880.003,-0.9999999999999992,0.21748535336419597,0.2045860283274236,0.20846075751285237
2890.006003,-0.9999999999999992,0.21832901480814387,0.20220835327626577,0.2061124583341621
2900.012004,-0.9999999999999992,0.21916739108304853,0.199849680769917,0.2037650614395082
2910.009999,-0.9999999999999992,0.2200134614027367,0.19750658355758965,0.2014129585495906
2920.013002,-0.9999999999999992,0.22087793864406868,0.1951682385118594,0.19904411618329992
2930.015,-0.9999999999999992,0.22175858661866327,0.19284539567886447,0.1966665647039587
2940.004998,-0.9999999999999992,0.22265844485063643,0.190551725719928,0.1942911741810746
2950.006996,-0.9999999999999992,0.2235977967193193,0.1882702451310464,0.1919044001732663
2960.007002,-0.9999999999999992,0.224582612062172,0.18600223804999794,0.18950761439114014
2970.010005,-0.9999999999999992,0.22562899403313633,0.18373977634266167,0.18709528085296787
2980.010001,-0.9999999999999992,0.2267394785042272,0.1814894665123916,0.184676158185593
2990.011999,-0.9999999999999992,0.2279293527514187,0.17924989387902152,0.1822525826152846
3000.015002,-0.9999999999999992,0.22921338329686247,0.17701682319632425,0.17982496494603945
3010.004005,-0.9999999999999992,0.23060502350881928,0.17479040598761364,0.17739844635998964
3020.001999,-0.9999999999999992,0.23212435656534178,0.17256253459178744,0.17496904435915336
3030.005003,-0.9999999999999992,0.2337894615180326,0.1703314223942847,0.172539276026282
3040.009002,-0.9999999999999992,0.23561969147526957,0.1680957144774748,0.17011148552309993
3050.012005,-0.9999999999999992,0.23763594081704195,0.16585407280133646,0.16768726776365325
3060.014003,-0.9999999999999992,0.23986066992031388,0.16360524587958714,0.16526742821363347
3070.016001,-0.9999999999999992,0.24231764595519584,0.16134821506171798,0.16285223528139944
3080.015997,-0.9999999999999992,0.24503059227685986,0.15908271803824536,0.16044256781825925
3090.004999,-0.9999999999999992,0.24802111759545648,0.15681103599211882,0.15804052925394965
3100.008003,-0.9999999999999992,0.2513211363489702,0.1545270941234449,0.1556403434097309
3110.023006,-0.9999999999999992,0.2549545250684792,0.1522325613194195,0.1532417313946126
3120.009996,-0.9999999999999992,0.2589268791637239,0.14993704225037946,0.1508543607713615
3130.013,-0.9999999999999992,0.2632600432077571,0.14763649839237178,0.14847325146280815
3140.016003,-0.9999999999999992,0.26799265465554756,0.14532340729913934,0.14609005142333403
3150.020998,-0.9999999999999992,0.2731220096380622,0.14300142695097384,0.1437072782545267
3160.003996,-0.9999999999999992,0.2786320128014566,0.14068068535288233,0.14133425184310844
3170.006004,-0.9999999999999992,0.28454389949477804,0.13835093636588583,0.13895970453085435
3180.008997,-0.9999999999999992,0.2908364575245216,0.136016697458245,0.13658749815786864
3190.011005,-0.9999999999999992,0.29748822429255134,0.1336788093854336,0.13421778690406164
3200.011001,-0.9999999999999992,0.3044697176336281,0.13133789252593447,0.1318505488592384
3210.012998,-0.9999999999999992,0.3117472785590124,0.12899339409158955,0.12948466174052323
3220.002996,-0.9999999999999992,0.31924377035975293,0.12665541337948086,0.12712953911024427
3230.008997,-0.9999999999999992,0.32695821388077084,0.12431126545589616,0.12477231949377617
3240.002999,-0.9999999999999992,0.3348489897028677,0.12195877304812264,0.12241058635262227
3250.006002,-0.9999999999999992,0.34285032685871136,0.11960154372674406,0.12004714684831568
3260.008996,-0.9999999999999992,0.35087612674929586,0.11725086124960911,0.117692713450266
3270.009997,-0.9999999999999992,0.3589398756508224,0.11489275708744197,0.11533351063380602
3280.010004,-0.9999999999999992,0.366981858982878,0.1125320296052491,0.11297348728312293
3290.014003,-0.9999999999999992,0.3749707474311211,0.11017100740323948,0.11061450246552293
3300.011001,-0.9999999999999992,0.3828844813586552,0.10781147264113455,0.10825783654255432
3310.007004,-0.9999999999999992,0.39072228514629276,0.10545218085982502,0.1059016663300101
3320.011999,-0.9999999999999992,0.39849656851723586,0.10309117841165315,0.10354341954019397
3330.010004,-0.9999999999999992,0.4061866635358232,0.10073920623835761,0.1011929611439072
3340.017996,-0.9999999999999992,0.41388304128176834,0.09837932828966572,0.09883336763194367
3350.008004,-0.9999999999999992,0.42157622885886475,0.0960230119208066,0.09647510736187147
3360.008001,-0.9999999999999992,0.42932253403853643,0.09366731644536169,0.09411491245218429
3370.009002,-0.9999999999999992,0.43717087754992073,0.09131364574851338,0.09175386698990542
3380.008003,-0.9999999999999992,0.4451771529538882,0.088962508077135,0.08939243307242556
3390.007003,-0.9999999999999992,0.45340712929468396,0.08661342049709496,0.08703022584187355
3400.006999,-0.9999999999999992,0.4619057717915806,0.08427224319191567,0.08467322408882477
3410.008997,-0.9999999999999992,0.4708052985950932,0.08192550259049507,0.0823088024265649
3420.009003,-0.9999999999999992,0.4801592492372168,0.07957811256957255,0.07994200515126955
3430.001998,-0.9999999999999992,0.4900368939065927,0.07723463559021755,0.07757796012612753
3440.007999,-0.9999999999999992,0.5005533873049562,0.07488900634725634,0.07521109180155028
3450.009001,-0.9999999999999992,0.5117562784959427,0.07255094864972204,0.07285153890076024
3460.005004,-0.9999999999999992,0.5238155270804711,0.07020774123391385,0.07048726587304746
3470.012001,-0.9999999999999992,0.5368367451742418,0.06785947449178331,0.0681183767577902
3480.013998,-0.9999999999999992,0.5509021469555757,0.06551333820554588,0.06575238850555987
3490.005002,-0.9999999999999992,0.5661338075275767,0.06316948579847047,0.06338965065593564
3500.011003,-0.9999999999999992,0.5827098091635912,0.06082157881134776,0.06102388755163178
3510.003998,-0.9999999999999992,0.6007321423628359,0.05847608542310213,0.05866167818727022
3520.009999,-0.9999999999999992,0.6204080485308793,0.05612685538844548,0.05629685335358338
3530.016,-0.9999999999999992,0.6418894681339589,0.05377693917760434,0.05393246142790347
3540.007004,-0.9999999999999992,0.6653287691811706,0.05142984699245587,0.05157203618407775
3550.013005,-0.9999999999999992,0.6909997214048968,0.049078883711859755,0.0492085894430737
3560.006,-0.9999999999999992,0.7189780614550656,0.04673632234919043,0.0468547931622735
3570.024997,-0.9999999999999992,0.7497789349585744,0.04438084453929437,0.04448898290122726
3580.001999,-0.9999999999999992,0.78330278519822,0.04203927696658678,0.04213789620717449
3580.758996,-0.9999999999999992,0.7859688579777231,0.041861882904552304,0.041959815262745226
3580.772997,-0.999992140862642,0.7822792525690985,0.041886676556446276,0.04198091823560268
3590.782005,-0.9845003903336818,0.676628335073868,0.05014790414435619,0.0501796739132577
3600.789998,-0.9789543939721663,0.6481822768876084,0.05289844561397575,0.052915890275423816
3610.781002,-0.9763895705033553,0.6313040534472572,0.05467399985741905,0.05468425322602171
3620.789004,-0.974937543364899,0.6196634352055566,0.05596962173443392,0.05597605448342031
3630.784997,-0.9740165259739435,0.6110792188132568,0.05696582798299719,0.056970187873525084
3640.792004,-0.9734135119958733,0.6044669309970135,0.057758546647989004,0.0577617483201293
3650.784003,-0.9730067320664162,0.5992475981565333,0.05840076717372494,0.05840329727066019
3660.791996,-0.9727287232594213,0.5950372958433774,0.0589299584058928,0.05893207461498665
3670.787003,-0.9725261457647983,0.5916051228111776,0.059368987687494525,0.0593708300357575
3680.803997,-0.9723719482830363,0.5887696933883264,0.05973703153323453,0.05973867668111776
3690.787005,-0.9722482209180769,0.5864223999065465,0.06004547042852246,0.06004696326089584
3700.780996,-0.9721452940539118,0.5844589786531579,0.06030614174955887,0.060307509017821746
3710.790005,-0.9720599752485698,0.5828092449882468,0.060527085691632135,0.06052834464783253
3720.785002,-0.9719898706286226,0.5814224952090832,0.06071418680680475,0.060715349746451465
3730.789001,-0.9719313932099115,0.5802509759390719,0.06087324052049109,0.060874316530111286
3740.783998,-0.971882880209645,0.5792611051577555,0.061008353826630154,0.061009350447139975
3750.792,-0.9718427769989328,0.5784216073883278,0.061123464282123514,0.06112438771273107
3760.786002,-0.9718094800863214,0.5777106109746628,0.061221336161332345,0.06122219207718063
3770.792998,-0.9717816667370917,0.57710610915959,0.061304807104989284,0.06130560041407495
3780.791003,-0.9717575657058484,0.5765931582445694,0.0613758750651365,0.06137661040316616
3790.790999,-0.9717356582449855,0.5761566066032197,0.06143645395491386,0.0614371355097518
3800.791005,-0.9717158247783247,0.5757855290782828,0.06148808461593833,0.06148871629083831
3810.784996,-0.9716979514837203,0.5754697312423878,0.061532083378520334,0.061532668806407495
3820.788995,-0.9716817865227544,0.5752005786820541,0.06156962756940566,0.06157017005218677
3830.789002,-0.9716671824481002,0.5749712630297421,0.06160162807431649,0.061602130736750076
3840.790003,-0.9716540040997518,0.5747769435540205,0.061628917065845605,0.0616293827906662
3850.797,-0.9716421093500808,0.5746106753667062,0.06165220322067674,0.06165263467237958
3860.784997,-0.9716313775411196,0.5744690984849643,0.061672023742746454,0.06167242347623913
3870.785003,-0.9716216831427538,0.5743485185111707,0.06168894647538003,0.06168931676560213
3880.782001,-0.9716129418186308,0.5742456710225587,0.06170337669529013,0.061703719700908946
3880.794997,-0.9716129310159077,0.5742455471666803,0.06170339399817111,0.06170373696965041
