Time,Current_CSV_A
0.0,0.0
49.996,0.0
60.007,-2.4992
70.014,-2.4967
90.011,-2.4967
100.007,-2.4992
130.006,-2.4992
140.021,-2.4967
150.0030018,-2.4992
160.0110042,-2.4967
170.0060013,-2.4967
180.0140038,-2.4992
190.002996,-2.4992
200.0150017,-2.4967
230.0090052,-2.4967
240.0080054,-2.4992
270.0100053,-2.4992
280.0129987,-2.4967
290.0029968,-2.4992
340.0140009,-2.4992
350.0120054,-2.4967
360.0149989,-2.4992
380.0030015,-2.4992
390.0190003,-2.4967
400.0089984,-2.4992
420.0139995,-2.4992
430.0129998,-2.4967
440.0029979,-2.4992
470.0069993,-2.4992
480.0100028,-2.4967
490.0120004,-2.4992
510.0129984,-2.4992
520.0029965,-2.4967
530.0039984,-2.4992
550.0080037,-2.4992
560.0109971,-2.4967
570.0049985,-2.4992
580.0200015,-2.4992
590.0070022,-2.4967
600.0110015,-2.4992
620.0110036,-2.4992
630.0100039,-2.4967
640.0059968,-2.4992
650.0139992,-2.4967
660.0080005,-2.4992
690.0140035,-2.4992
700.0020001,-2.4967
710.0100025,-2.4992
740.0140039,-2.4992
750.0150058,-2.4967
760.0039981,-2.4992
820.0070019,-2.4992
830.0160001,-2.4967
840.0109972,-2.4967
850.0149965,-2.4992
860.0050046,-2.4967
870.0210034,-2.4992
880.0069983,-2.4967
890.0100018,-2.4967
900.0130053,-2.4992
910.0170046,-2.4967
930.0069987,-2.4967
940.010998,-2.4992
960.0130017,-2.4992
970.0039956,-2.4967
990.0070052,-2.4967
1000.009999,-2.4992
1010.013002,-2.4992
1020.012002,-2.4967
1030.002996,-2.4992
1040.006,-2.4967
1050.009999,-2.4992
1100.009999,-2.4992
1110.025002,-2.4967
1120.012999,-2.4992
1190.013001,-2.4992
1200.005997,-2.4967
1210.009,-2.4992
1260.009001,-2.4992
1270.012004,-2.4967
1280.026997,-2.4992
1300.005002,-2.4992
1310.008005,-2.4967
1320.022998,-2.4992
1400.008,-2.4992
1410.009002,-2.4967
1420.015998,-2.4992
1430.009004,-2.4967
1440.011002,-2.4967
1450.010998,-2.4992
1490.013004,-2.4992
1500.015001,-2.4967
1510.007997,-2.4992
1520.015003,-2.4967
1530.015,-2.4992
1610.014002,-2.4992
1620.028,-2.4967
1630.015996,-2.4992
1660.005001,-2.4992
1670.006998,-2.4967
1680.014005,-2.4992
1690.002997,-2.4967
1700.008998,-2.4992
1710.014999,-2.4992
1720.008004,-2.4967
1730.008996,-2.4992
1740.012995,-2.4992
1750.015003,-2.4967
1760.005997,-2.4992
1780.010002,-2.4992
1790.012,-2.4967
1800.015004,-2.4992
1810.005997,-2.4967
1820.009001,-2.4992
1830.010003,-2.4992
1840.014002,-2.4967
1850.003004,-2.4967
1860.007004,-2.4992
1880.010003,-2.4992
1890.014002,-2.4967
1900.004996,-2.4992
1910.019004,-2.4992
1920.007996,-2.4967
1930.010999,-2.4992
1950.004001,-2.4992
1960.003997,-2.4967
1970.007996,-2.4992
1980.011995,-2.4992
1990.014999,-2.4967
2000.020004,-2.4967
2010.007005,-2.4992
2030.013002,-2.4992
2040.012998,-2.4967
2050.002996,-2.4992
2080.024006,-2.4992
2090.014004,-2.4967
2100.002996,-2.4992
2200.004003,-2.4992
2210.003999,-2.4967
2220.007998,-2.4992
2260.010004,-2.4992
2270.012997,-2.4967
2280.011998,-2.4992
2310.024005,-2.4992
2320.014999,-2.4967
2330.016001,-2.4967
2340.015997,-2.4992
2420.003996,-2.4992
2430.016998,-2.4967
2440.015998,-2.4992
2450.016004,-2.4967
2460.016,-2.4992
2520.012003,-2.4992
2530.011004,-2.4967
2540.010004,-2.4992
2570.010998,-2.4992
2580.013006,-2.4967
2590.003004,-2.4992
2600.012998,-2.4992
2610.014,-2.4967
2620.015002,-2.4992
2630.026997,-2.4992
2640.013998,-2.4967
2650.014004,-2.4992
2660.014996,-2.4992
2670.013,-2.4967
2680.014002,-2.4992
2700.022997,-2.4992
2710.009997,-2.4967
2720.003003,-2.4992
2790.013003,-2.4992
2800.003001,-2.4967
2810.006005,-2.4992
2860.002002,-2.4992
2870.015003,-2.4967
2880.003,-2.4992
2890.006003,-2.4992
2900.012004,-2.4967
2910.009999,-2.4967
2920.013002,-2.4992
2930.015,-2.4992
2940.004998,-2.4967
2960.007002,-2.4967
2970.010005,-2.4992
3120.009996,-2.4992
3130.013,-2.4967
3140.016003,-2.4992
3210.012998,-2.4992
3220.002996,-2.4967
3230.008997,-2.4967
3240.002999,-2.4992
3250.006002,-2.4992
3260.008996,-2.4967
3270.009997,-2.4992
3320.011999,-2.4992
3330.010004,-2.4967
3340.017996,-2.4992
3390.007003,-2.4992
3400.006999,-2.4967
3410.008997,-2.4992
3440.007999,-2.4992
3450.009001,-2.4967
3460.005004,-2.4992
3550.013005,-2.4992
3560.006,-2.4967
3570.024997,-2.4992
3580.001999,-2.4967
3580.758996,-2.4967
3580.772997,0.0
3880.794997,0.0
