Time,Voltage,Current,Battery_Temp_degC
0,3.4275,0,23.0461
9.996,3.4272,0,23.0461
19.992,3.4268,0,22.9409
29.999,3.4265,0,23.0461
40.001,3.4262,0,23.0461
49.996,3.426,0,23.0461
49.996,3.426,0,23.0461
60.007,3.351,-2.4992,23.0461
70.014,3.3269,-2.4967,23.0461
80.009,3.3119,-2.4967,23.0461
90.011,3.3022,-2.4967,23.1514
100.007,3.2956,-2.4992,23.1514
110.003,3.2911,-2.4992,23.1514
120.01,3.2879,-2.4992,23.1514
130.006,3.2857,-2.4992,23.2566
140.021,3.2842,-2.4967,23.1514
150.0030018,3.283,-2.4992,23.1514
160.0110042,3.2821,-2.4967,23.1514
170.0060013,3.2813,-2.4967,23.2566
180.0140038,3.2808,-2.4992,23.1514
190.002996,3.2801,-2.4992,23.1514
200.0150017,3.2796,-2.4967,23.0461
210.0020024,3.2791,-2.4967,23.1514
220.0130022,3.2786,-2.4967,23.0461
230.0090052,3.2782,-2.4967,23.1514
240.0080054,3.2777,-2.4992,23.1514
250.0080015,3.2772,-2.4992,23.1514
260.0160039,3.2769,-2.4992,23.0461
270.0100053,3.2766,-2.4992,23.0461
280.0129987,3.2761,-2.4967,23.1514
290.0029968,3.2757,-2.4992,23.1514
300.0060003,3.2754,-2.4992,23.2566
310.0079979,3.2749,-2.4992,23.2566
320.008004,3.2745,-2.4992,23.1514
330.0109974,3.2742,-2.4992,23.1514
340.0140009,3.2739,-2.4992,23.1514
350.0120054,3.2735,-2.4967,23.1514
360.0149989,3.273,-2.4992,23.1514
370.0040012,3.2727,-2.4992,23.1514
380.0030015,3.2723,-2.4992,23.1514
390.0190003,3.272,-2.4967,23.1514
400.0089984,3.2717,-2.4992,23.1514
410.0120019,3.2712,-2.4992,23.2566
420.0139995,3.2708,-2.4992,23.2566
430.0129998,3.2705,-2.4967,23.1514
440.0029979,3.2701,-2.4992,23.1514
450.0060014,3.2698,-2.4992,23.1514
460.0199986,3.2695,-2.4992,23.2566
470.0069993,3.2691,-2.4992,23.2566
480.0100028,3.2686,-2.4967,23.2566
490.0120004,3.2683,-2.4992,23.1514
500.010005,3.2679,-2.4992,23.2566
510.0129984,3.2676,-2.4992,23.1514
520.0029965,3.2673,-2.4967,23.2566
530.0039984,3.2668,-2.4992,23.2566
540.0040045,3.2664,-2.4992,23.2566
550.0080037,3.2661,-2.4992,23.2566
560.0109971,3.2656,-2.4967,23.2566
570.0049985,3.2652,-2.4992,23.2566
580.0200015,3.2649,-2.4992,23.2566
590.0070022,3.2646,-2.4967,23.3618
600.0110015,3.2641,-2.4992,23.2566
610.003997,3.2637,-2.4992,23.2566
620.0110036,3.2634,-2.4992,23.2566
630.0100039,3.2629,-2.4967,23.2566
640.0059968,3.2625,-2.4992,23.2566
650.0139992,3.262,-2.4967,23.2566
660.0080005,3.2617,-2.4992,23.3618
670.0020018,3.2614,-2.4992,23.2566
680.0080027,3.2609,-2.4992,23.2566
690.0140035,3.2605,-2.4992,23.2566
700.0020001,3.26,-2.4967,23.2566
710.0100025,3.2597,-2.4992,23.3618
720.0060054,3.2592,-2.4992,23.3618
730.0119962,3.2588,-2.4992,23.3618
740.0140039,3.2583,-2.4992,23.3618
750.0150058,3.2578,-2.4967,23.3618
760.0039981,3.2575,-2.4992,23.2566
770.0099989,3.257,-2.4992,23.3618
780.0159998,3.2566,-2.4992,23.2566
790.0159958,3.2561,-2.4992,23.3618
800.011003,3.2556,-2.4992,23.3618
810.0039984,3.2553,-2.4992,23.3618
820.0070019,3.2548,-2.4992,23.4671
830.0160001,3.2543,-2.4967,23.3618
840.0109972,3.2539,-2.4967,23.4671
850.0149965,3.2534,-2.4992,23.3618
860.0050046,3.2531,-2.4967,23.3618
870.0210034,3.2526,-2.4992,23.3618
880.0069983,3.2521,-2.4967,23.3618
890.0100018,3.2516,-2.4967,23.4671
900.0130053,3.2511,-2.4992,23.4671
910.0170046,3.2507,-2.4967,23.3618
920.0040053,3.2502,-2.4967,23.3618
930.0069987,3.2497,-2.4967,23.3618
940.010998,3.2492,-2.4992,23.3618
950.0110041,3.2489,-2.4992,23.2566
960.0130017,3.2484,-2.4992,23.3618
970.0039956,3.2479,-2.4967,23.4671
980.0080049,3.2473,-2.4967,23.3618
990.0070052,3.2468,-2.4967,23.4671
1000.009999,3.2465,-2.4992,23.4671
1010.013002,3.246,-2.4992,23.3618
1020.012002,3.2455,-2.4967,23.3618
1030.002996,3.245,-2.4992,23.3618
1040.006,3.2445,-2.4967,23.3618
1050.009999,3.2441,-2.4992,23.3618
1060.013002,3.2436,-2.4992,23.3618
1070.024998,3.2431,-2.4992,23.3618
1080.002997,3.2428,-2.4992,23.2566
1090.006996,3.2423,-2.4992,23.2566
1100.009999,3.2418,-2.4992,23.3618
1110.025002,3.2414,-2.4967,23.3618
1120.012999,3.2409,-2.4992,23.2566
1130.002001,3.2406,-2.4992,23.2566
1140.006,3.2401,-2.4992,23.2566
1150.023005,3.2396,-2.4992,23.2566
1160.009,3.2392,-2.4992,23.2566
1170.012999,3.2387,-2.4992,23.3618
1180.016003,3.2384,-2.4992,23.2566
1190.013001,3.2381,-2.4992,23.2566
1200.005997,3.2376,-2.4967,23.3618
1210.009,3.2372,-2.4992,23.4671
1220.012004,3.2369,-2.4992,23.3618
1230.013006,3.2364,-2.4992,23.3618
1240.003004,3.236,-2.4992,23.3618
1250.005997,3.2357,-2.4992,23.3618
1260.009001,3.2352,-2.4992,23.3618
1270.012004,3.2348,-2.4967,23.2566
1280.026997,3.2345,-2.4992,23.2566
1290.015004,3.2342,-2.4992,23.2566
1300.005002,3.2338,-2.4992,23.3618
1310.008005,3.2333,-2.4967,23.3618
1320.022998,3.233,-2.4992,23.2566
1330.012001,3.2327,-2.4992,23.2566
1340.015004,3.2323,-2.4992,23.4671
1350.012003,3.232,-2.4992,23.3618
1360.006004,3.2316,-2.4992,23.2566
1370.008002,3.2313,-2.4992,23.3618
1380.002999,3.231,-2.4992,23.3618
1390.011001,3.2306,-2.4992,23.3618
1400.008,3.2303,-2.4992,23.2566
1410.009002,3.23,-2.4967,23.2566
1420.015998,3.2294,-2.4992,23.2566
1430.009004,3.2291,-2.4967,23.2566
1440.011002,3.2288,-2.4967,23.2566
1450.010998,3.2284,-2.4992,23.2566
1460.019996,3.2281,-2.4992,23.2566
1470.012006,3.2278,-2.4992,23.1514
1480.012998,3.2274,-2.4992,23.1514
1490.013004,3.2271,-2.4992,23.1514
1500.015001,3.2267,-2.4967,23.0461
1510.007997,3.2264,-2.4992,23.1514
1520.015003,3.2261,-2.4967,23.1514
1530.015,3.2257,-2.4992,23.1514
1540.016001,3.2254,-2.4992,23.1514
1550.020001,3.2251,-2.4992,23.1514
1560.009003,3.2247,-2.4992,23.2566
1570.011001,3.2244,-2.4992,23.2566
1580.005002,3.224,-2.4992,23.1514
1590.002996,3.2237,-2.4992,23.1514
1600.010999,3.2234,-2.4992,23.2566
1610.014002,3.223,-2.4992,23.2566
1620.028,3.2227,-2.4967,23.1514
1630.015996,3.2222,-2.4992,23.2566
1640.002997,3.2218,-2.4992,23.2566
1650.017004,3.2215,-2.4992,23.2566
1660.005001,3.2212,-2.4992,23.1514
1670.006998,3.2208,-2.4967,23.1514
1680.014005,3.2205,-2.4992,23.1514
1690.002997,3.2202,-2.4967,23.2566
1700.008998,3.2198,-2.4992,23.2566
1710.014999,3.2195,-2.4992,23.1514
1720.008004,3.2191,-2.4967,23.2566
1730.008996,3.2186,-2.4992,23.2566
1740.012995,3.2183,-2.4992,23.1514
1750.015003,3.218,-2.4967,23.2566
1760.005997,3.2176,-2.4992,23.3618
1770.009001,3.2173,-2.4992,23.2566
1780.010002,3.2168,-2.4992,23.2566
1790.012,3.2164,-2.4967,23.1514
1800.015004,3.2161,-2.4992,23.1514
1810.005997,3.2158,-2.4967,23.0461
1820.009001,3.2154,-2.4992,23.1514
1830.010003,3.2149,-2.4992,23.1514
1840.014002,3.2146,-2.4967,23.1514
1850.003004,3.2142,-2.4967,23.1514
1860.007004,3.2137,-2.4992,23.2566
1870.009001,3.2134,-2.4992,23.2566
1880.010003,3.2131,-2.4992,23.2566
1890.014002,3.2126,-2.4967,23.2566
1900.004996,3.2122,-2.4992,23.1514
1910.019004,3.2117,-2.4992,23.1514
1920.007996,3.2114,-2.4967,23.1514
1930.010999,3.211,-2.4992,23.1514
1940.014003,3.2105,-2.4992,23.1514
1950.004001,3.2102,-2.4992,23.1514
1960.003997,3.2097,-2.4967,23.1514
1970.007996,3.2094,-2.4992,23.1514
1980.011995,3.2088,-2.4992,23.1514
1990.014999,3.2085,-2.4967,23.1514
2000.020004,3.208,-2.4967,23.1514
2010.007005,3.2075,-2.4992,23.1514
2020.009002,3.2072,-2.4992,23.1514
2030.013002,3.2066,-2.4992,23.0461
2040.012998,3.2061,-2.4967,23.1514
2050.002996,3.2058,-2.4992,23.1514
2060.007005,3.2053,-2.4992,23.1514
2070.009999,3.2048,-2.4992,23.2566
2080.024006,3.2043,-2.4992,23.2566
2090.014004,3.2039,-2.4967,23.2566
2100.002996,3.2034,-2.4992,23.2566
2110.006,3.2029,-2.4992,23.2566
2120.021003,3.2024,-2.4992,23.2566
2130.008999,3.2019,-2.4992,23.2566
2140.012998,3.2014,-2.4992,23.2566
2150.002997,3.2009,-2.4992,23.3618
2160.020001,3.2004,-2.4992,23.2566
2170.005,3.2001,-2.4992,23.2566
2180.009,3.1996,-2.4992,23.2566
2190.012999,3.199,-2.4992,23.2566
2200.004003,3.1984,-2.4992,23.2566
2210.003999,3.1979,-2.4967,23.2566
2220.007998,3.1974,-2.4992,23.2566
2230.009996,3.1969,-2.4992,23.2566
2240.022997,3.1963,-2.4992,23.2566
2250.014001,3.1957,-2.4992,23.2566
2260.010004,3.1952,-2.4992,23.2566
2270.012997,3.1947,-2.4967,23.2566
2280.011998,3.194,-2.4992,23.2566
2290.007005,3.1935,-2.4992,23.3618
2300.016003,3.1928,-2.4992,23.2566
2310.024005,3.1921,-2.4992,23.2566
2320.014999,3.1916,-2.4967,23.3618
2330.016001,3.1909,-2.4967,23.3618
2340.015997,3.1903,-2.4992,23.3618
2350.002998,3.1896,-2.4992,23.2566
2360.013998,3.1891,-2.4992,23.3618
2370.003996,3.1884,-2.4992,23.3618
2380.004002,3.1876,-2.4992,23.3618
2390.005004,3.1869,-2.4992,23.2566
2400.017,3.1862,-2.4992,23.2566
2410.004,3.1855,-2.4992,23.3618
2420.003996,3.1849,-2.4992,23.3618
2430.016998,3.184,-2.4967,23.4671
2440.015998,3.1833,-2.4992,23.3618
2450.016004,3.1825,-2.4967,23.3618
2460.016,3.1817,-2.4992,23.3618
2470.015996,3.181,-2.4992,23.3618
2480.023003,3.1801,-2.4992,23.3618
2490.005005,3.1793,-2.4992,23.2566
2500.005997,3.1784,-2.4992,23.2566
2510.022005,3.1776,-2.4992,23.2566
2520.012003,3.1768,-2.4992,23.4671
2530.011004,3.1757,-2.4967,23.3618
2540.010004,3.1749,-2.4992,23.4671
2550.022,3.1739,-2.4992,23.3618
2560.009,3.173,-2.4992,23.3618
2570.010998,3.172,-2.4992,23.3618
2580.013006,3.171,-2.4967,23.3618
2590.003004,3.17,-2.4992,23.3618
2600.012998,3.169,-2.4992,23.3618
2610.014,3.168,-2.4967,23.3618
2620.015002,3.167,-2.4992,23.4671
2630.026997,3.166,-2.4992,23.4671
2640.013998,3.1649,-2.4967,23.4671
2650.014004,3.1638,-2.4992,23.5723
2660.014996,3.1626,-2.4992,23.4671
2670.013,3.1616,-2.4967,23.4671
2680.014002,3.1604,-2.4992,23.4671
2690.015004,3.1592,-2.4992,23.5723
2700.022997,3.158,-2.4992,23.4671
2710.009997,3.1567,-2.4967,23.4671
2720.003003,3.1555,-2.4992,23.4671
2730.007998,3.1543,-2.4992,23.4671
2740.004997,3.1529,-2.4992,23.4671
2750.005003,3.1516,-2.4992,23.5723
2760.009002,3.1502,-2.4992,23.4671
2770.011,3.1489,-2.4992,23.3618
2780.021999,3.1475,-2.4992,23.5723
2790.013003,3.146,-2.4992,23.5723
2800.003001,3.1447,-2.4967,23.5723
2810.006005,3.1432,-2.4992,23.5723
2820.015999,3.1416,-2.4992,23.4671
2830.007999,3.1401,-2.4992,23.5723
2840.009996,3.1384,-2.4992,23.5723
2850.012004,3.1369,-2.4992,23.5723
2860.002002,3.1352,-2.4992,23.5723
2870.015003,3.1335,-2.4967,23.5723
2880.003,3.1318,-2.4992,23.5723
2890.006003,3.1302,-2.4992,23.5723
2900.012004,3.1283,-2.4967,23.6775
2910.009999,3.1264,-2.4967,23.5723
2920.013002,3.1246,-2.4992,23.5723
2930.015,3.1227,-2.4992,23.6775
2940.004998,3.1209,-2.4967,23.6775
2950.006996,3.1188,-2.4967,23.6775
2960.007002,3.1168,-2.4967,23.6775
2970.010005,3.1148,-2.4992,23.6775
2980.010001,3.1126,-2.4992,23.6775
2990.011999,3.1106,-2.4992,23.6775
3000.015002,3.1084,-2.4992,23.6775
3010.004005,3.106,-2.4992,23.6775
3020.001999,3.1038,-2.4992,23.6775
3030.005003,3.1014,-2.4992,23.7828
3040.009002,3.0991,-2.4992,23.7828
3050.012005,3.0967,-2.4992,23.7828
3060.014003,3.0944,-2.4992,23.7828
3070.016001,3.092,-2.4992,23.7828
3080.015997,3.0893,-2.4992,23.888
3090.004999,3.0868,-2.4992,23.7828
3100.008003,3.084,-2.4992,23.7828
3110.023006,3.0813,-2.4992,23.888
3120.009996,3.0785,-2.4992,23.888
3130.013,3.0756,-2.4967,23.888
3140.016003,3.0724,-2.4992,23.7828
3150.020998,3.0692,-2.4992,23.888
3160.003996,3.066,-2.4992,23.7828
3170.006004,3.0624,-2.4992,23.7828
3180.008997,3.0587,-2.4992,23.7828
3190.011005,3.0548,-2.4992,23.7828
3200.011001,3.0508,-2.4992,23.7828
3210.012998,3.0466,-2.4992,23.888
3220.002996,3.0422,-2.4967,23.888
3230.008997,3.0376,-2.4967,23.888
3240.002999,3.0327,-2.4992,23.9932
3250.006002,3.0275,-2.4992,23.888
3260.008996,3.0219,-2.4967,23.888
3270.009997,3.0162,-2.4992,23.888
3280.010004,3.0103,-2.4992,23.7828
3290.014003,3.0038,-2.4992,23.888
3300.011001,2.9971,-2.4992,23.888
3310.007004,2.99,-2.4992,23.888
3320.011999,2.9826,-2.4992,23.888
3330.010004,2.9748,-2.4967,23.9932
3340.017996,2.9665,-2.4992,23.888
3350.008004,2.9577,-2.4992,23.888
3360.008001,2.9486,-2.4992,23.888
3370.009002,2.9388,-2.4992,23.9932
3380.008003,2.9285,-2.4992,23.9932
3390.007003,2.9175,-2.4992,24.2037
3400.006999,2.9057,-2.4967,24.0985
3410.008997,2.8932,-2.4992,24.0985
3420.009003,2.8799,-2.4992,23.9932
3430.001998,2.8657,-2.4992,24.0985
3440.007999,2.8505,-2.4992,24.0985
3450.009001,2.8345,-2.4967,24.2037
3460.005004,2.8172,-2.4992,24.2037
3470.012001,2.799,-2.4992,24.2037
3480.013998,2.7797,-2.4992,24.2037
3490.005002,2.7593,-2.4992,24.2037
3500.011003,2.7375,-2.4992,24.4142
3510.003998,2.7147,-2.4992,24.4142
3520.009999,2.6904,-2.4992,24.3089
3530.016,2.6646,-2.4992,24.3089
3540.007004,2.6371,-2.4992,24.3089
3550.013005,2.6073,-2.4992,24.4142
3560.006,2.5754,-2.4967,24.4142
3570.024997,2.5408,-2.4992,24.4142
3580.001999,2.503,-2.4967,24.4142
3580.758996,2.4999,-2.4967,24.4142
3580.772997,2.5013,0,24.4142
3590.782005,2.6343,0,24.5194
3600.789998,2.6941,0,24.4142
3610.781002,2.7338,0,24.5194
3620.789004,2.7622,0,24.5194
3630.784997,2.7836,0,24.6246
3640.792004,2.8003,0,24.4142
3650.784003,2.8139,0,24.4142
3660.791996,2.8248,0,24.3089
3670.787003,2.8341,0,24.4142
3680.803997,2.8421,0,24.4142
3690.787005,2.8488,0,24.3089
3700.780996,2.8547,0,24.2037
3710.790005,2.86,0,24.2037
3720.785002,2.8647,0,24.3089
3730.789001,2.8687,0,24.3089
3740.783998,2.8726,0,24.2037
3750.792,2.876,0,24.2037
3760.786002,2.8792,0,24.0985
3770.792998,2.8821,0,24.0985
3780.791003,2.8848,0,24.2037
3790.790999,2.8871,0,24.2037
3800.791005,2.8895,0,24.2037
3810.784996,2.8917,0,24.2037
3820.788995,2.8937,0,24.0985
3830.789002,2.8956,0,24.0985
3840.790003,2.8973,0,23.9932
3850.797,2.899,0,24.0985
3860.784997,2.9007,0,23.9932
3870.785003,2.9022,0,23.9932
3880.782001,2.9035,0,23.9932
3880.794997,2.9035,0,23.9932
