start_s,end_s,method,target_Ah,input_Ah
38.4220004081726,48.4400007873774,sparse_transition_switch,0.002,0.0020000000000000005
104.616994410753,113.701998442411,sparse_transition_switch,-0.0019,-0.0018912583485904738
113.701998442411,114.714002609253,sparse_transition_switch,0.0,-1.053889894869842e-07
743.771000951529,753.784002363682,sparse_transition_switch,0.0020999999999999977,0.0020772162931002045
942.010993883014,945.879993215203,sparse_transition_switch,-0.0008,-0.0007999999999999979
945.879993215203,946.898997947574,sparse_transition_switch,0.0,-1.0575004667043685e-07
1575.96999742091,1585.97899563611,sparse_transition_switch,0.0021000000000000046,0.002076385407332622
1950.89599639177,1960.9119951725,sparse_transition_switch,-0.0021,-0.002085068579386441
1969.32299360633,1970.3410025686,sparse_transition_switch,0.0,-1.0564670784373851e-07
2599.41799677908,2609.43199396133,sparse_transition_switch,0.0021000000000000046,0.002077422970715871
3140.90799875557,3159.75599549711,sparse_transition_switch,-0.0039,-0.0039000000000000245
3159.75599549711,3160.76899543405,sparse_transition_switch,0.0,-1.0549268791515312e-07
3749.79499988258,3759.80699546635,sparse_transition_switch,-0.0021,-0.0020842348024196146
4350.4169985652,4360.4349989444,sparse_transition_switch,0.0,-1.0377777778004303e-06
6190.50699770451,6200.52699968219,sparse_transition_switch,0.0021000000000000185,0.0020786692993673985
6264.46499526501,6274.48900043964,sparse_transition_switch,-0.0021000000000000046,-0.0020867361333160687
6297.80200012028,6298.8170016557,sparse_transition_switch,0.0,-1.0533460374871436e-07
6927.92699709535,6937.9390027374,sparse_transition_switch,0.0021000000000000185,0.0020770096154832645
7135.23600138724,7145.24099640548,sparse_transition_switch,-0.0021000000000000046,-0.002082776740187695
7202.57499441504,7203.58999595046,sparse_transition_switch,0.0,-1.0570113208081644e-07
7832.66299702227,7842.67699420452,sparse_transition_switch,0.0021000000000000185,0.002077422970715871
8207.56600275636,8217.58599467576,sparse_transition_switch,-0.0021000000000000046,-0.0020859002614348476
8341.01199992001,8342.01799929142,sparse_transition_switch,0.0,-1.047636569130393e-07
8971.0949935019,8981.10400177538,sparse_transition_switch,0.001999999999999974,0.001999999999999983
9513.30299600959,9693.44799555838,long_gap_plateau,-0.037500000000000006,-0.037499999999999985
9693.44799555838,9694.46400292218,sparse_transition_switch,0.0,-1.0580587812021098e-07
10283.4849983454,10293.495002389,sparse_transition_switch,-0.0020999999999999908,-0.0020838200088586704
10884.2159986496,10894.2219994962,sparse_transition_switch,0.0,-1.0413888887221928e-06
12724.2980014533,12734.309001267,sparse_transition_switch,0.0020999999999999908,0.002076800850221357
12798.1659974903,12808.1869952381,sparse_transition_switch,-0.0020999999999999908,-0.002086109753139328
12831.4189955592,12832.4369944632,sparse_transition_switch,0.0,-1.0601327475160361e-07
13461.5300014615,13471.5550024062,sparse_transition_switch,0.0020999999999999908,0.0020797068627443705
13668.7140014023,13678.720998019,sparse_transition_switch,-0.0021000000000000185,-0.002083193628667154
13736.0320027918,13737.0419953018,sparse_transition_switch,0.0,-1.0517949771009526e-07
14366.1319948733,14376.1510010809,sparse_transition_switch,0.0020000000000000018,0.001999999999999983
14744.202997908,14754.2119961232,sparse_transition_switch,-0.0020999999999999908,-0.002083610517154948
14877.6459977031,14878.6729987711,sparse_transition_switch,0.0,-1.0657988861203194e-07
15507.7670015395,15517.7819944918,sparse_transition_switch,0.0020999999999999908,0.0020776296483218863
16055.3269967437,16246.0050009191,long_gap_plateau,-0.03970000000000001,-0.039699999999999985
16246.0050009191,16247.0219939947,sparse_transition_switch,0.0,-1.0554128140211106e-07
16836.0470026731,16846.0630014539,sparse_transition_switch,-0.0020999999999999908,-0.002085068579400127
18037.4669998884,18047.4739965051,sparse_transition_switch,0.0,-1.0413888891010478e-06
19877.5540016592,19887.5659972429,sparse_transition_switch,0.0020999999999999908,0.002077007527816612
19951.4190003276,19961.4349991083,sparse_transition_switch,-0.0020000000000000018,-0.0020000000000003604
19984.7819957882,19985.7969973236,sparse_transition_switch,0.0,-1.0533460393748504e-07
20614.8889984936,20624.9069988728,sparse_transition_switch,0.0020000000000000018,0.0020000000000003604
20823.6619960517,20833.6729958653,sparse_transition_switch,-0.0021000000000000463,-0.0020840274056219046
20890.4669947922,20891.4839979261,sparse_transition_switch,0.0,-1.0554232492641959e-07
21520.5400004983,21530.5499944836,sparse_transition_switch,0.0020000000000000018,0.0020000000000003604
21898.5999997705,21908.6139969528,sparse_transition_switch,-0.0020000000000000018,-0.0019999999999998374
22031.9419942796,22032.9589974135,sparse_transition_switch,0.0,-1.059095760570522e-07
22662.0340000838,22672.0400009304,sparse_transition_switch,0.0020999999999999908,0.0020757632868272065
23203.6039955914,23399.354000017,long_gap_plateau,-0.040700000000000014,-0.04070000000000017
23399.354000017,23400.371998921,sparse_transition_switch,0.0,-1.0601327475160361e-07
23989.391002804,23999.4009967893,sparse_transition_switch,-0.0020999999999999908,-0.002076592084948501
25190.9139968455,25200.9229950607,sparse_transition_switch,0.0,-1.0413888891010478e-06
27030.981002748,27040.9900009632,sparse_transition_switch,0.0020000000000000018,0.0020000000000003604
27104.9600020051,27114.9749949574,sparse_transition_switch,-0.0020999999999999908,-0.0020848590876759465
27138.4340006858,27139.4509937614,sparse_transition_switch,0.0,-1.0554128140211106e-07
27768.5150027275,27778.5279940814,sparse_transition_switch,0.0020000000000000018,0.0020000000000003604
27976.0309964418,27986.0389988869,sparse_transition_switch,-0.0020999999999999908,-0.0020834031203704976
28042.9069966078,28043.9210023731,sparse_transition_switch,0.0,-1.0523126482763068e-07
28673.0009939522,28683.0290023237,sparse_transition_switch,0.0020000000000000018,0.0020000000000003604
29050.5670007318,29060.5749931186,sparse_transition_switch,-0.002100000000000102,-0.0020834010254504676
29184.2129968107,29185.2239951491,sparse_transition_switch,0.0,-1.0491916120453323e-07
29814.2969962209,29824.3149966002,sparse_transition_switch,0.0020999999999999908,0.002078253856503251
30356.8180024624,30572.4349983037,long_gap_plateau,-0.04490000000000005,-0.044900000000000224
30572.4349983037,30573.4520014375,sparse_transition_switch,0.0,-1.059095760570522e-07
31162.4569941312,31172.4780019373,sparse_transition_switch,-0.0020999999999999908,-0.002078878064643464
32363.975995034,32373.9869948477,sparse_transition_switch,0.0,-1.0413888891010478e-06
34204.0419951081,34214.0519991517,sparse_transition_switch,0.0020000000000000018,0.0019999999999996054
34278.0430018902,34288.0449995399,sparse_transition_switch,-0.0020999999999999908,-0.0020821524549309843
34311.3849956542,34312.4099951237,sparse_transition_switch,0.0,-1.0637216686801467e-07
34941.4510007948,34951.4620006084,sparse_transition_switch,0.0020000000000000018,0.0019999999999996054
35148.8639976829,35158.8769990951,sparse_transition_switch,-0.0020999999999999908,-0.002084444294129778
35215.6419999897,35216.6629962623,sparse_transition_switch,0.0,-1.0632541799067339e-07
35845.7359973341,35855.7489987463,sparse_transition_switch,0.0020000000000000018,0.0019999999999996054
36223.1189936399,36233.1359982491,sparse_transition_switch,-0.0020999999999999908,-0.0020852780711046077
36356.3689950854,36357.3879998177,sparse_transition_switch,0.0,-1.0575004667043685e-07
36986.4469997585,36996.4629985392,sparse_transition_switch,0.0020999999999999908,0.0020778384135958753
37528.4399963915,37773.6889980733,long_gap_plateau,-0.051000000000000045,-0.05099999999999984
37773.6889980733,37774.7130017728,sparse_transition_switch,0.0,-1.066386068697385e-07
38363.7349929661,38373.7529933453,sparse_transition_switch,-0.0020999999999999908,-0.002085485467867842
39565.3520017862,39575.3709979355,sparse_transition_switch,0.0,-1.0413888883433376e-06
41405.4409950972,41415.4489975423,sparse_transition_switch,0.0020999999999999908,0.0020761787297172156
41479.0859989822,41489.115998894,sparse_transition_switch,-0.0020000000000000018,-0.001999999999999838
41512.4400023371,41513.4499948472,sparse_transition_switch,0.0,-1.0481477857037033e-07
42142.5600003451,42152.5699943304,sparse_transition_switch,0.0020999999999999908,0.0020765920849485004
42350.1310028136,42360.1409967989,sparse_transition_switch,-0.0020999999999999908,-0.002083817913939398
42416.7939987034,42417.8090002388,sparse_transition_switch,0.0,-1.0570113151253383e-07
43046.8750007451,43056.8930011243,sparse_transition_switch,0.0020000000000000018,0.0019999999999996054
43421.9129987061,43431.9330006838,sparse_transition_switch,-0.0020999999999999908,-0.0020859023563552567
43555.4539963603,43556.4599957317,sparse_transition_switch,0.0,-1.0440037860664436e-07
44185.5379957706,44195.5469939858,sparse_transition_switch,0.0020999999999999908,0.002076385407332858
44727.1299988031,44977.6209957898,long_gap_plateau,-0.052100000000000035,-0.05209999999999982
44977.6209957898,44978.6439936608,sparse_transition_switch,0.0,-1.0616444512399741e-07
45567.6570028067,45577.6699941605,sparse_transition_switch,-0.0020999999999999908,-0.0020772142054330095
46769.2849952728,46779.3049972504,sparse_transition_switch,0.0,-1.0413888883433376e-06
48609.3509953469,48619.3750005215,sparse_transition_switch,0.0020999999999999908,0.002079500185128728
48682.9489968717,48692.9599966854,sparse_transition_switch,-0.0020000000000000018,-0.0019999999999996054
48716.3170013577,48717.3350002617,sparse_transition_switch,0.0,-1.0601327475160361e-07
49346.3979933411,49356.4099989831,sparse_transition_switch,0.0020999999999999908,0.002077009615473071
49554.0019970387,49564.0330027789,sparse_transition_switch,-0.0020999999999999908,-0.0020881941955570808
49620.77299878,49621.7799939215,sparse_transition_switch,0.0,-1.045037177164987e-07
50250.8569981903,50260.8759943396,sparse_transition_switch,0.0020999999999999908,0.0020784605341000162
50625.6949972361,50635.7120018452,sparse_transition_switch,-0.0020999999999999908,-0.0020852780710833916
50759.2599939555,50760.2769970894,sparse_transition_switch,0.0,-1.059095760570522e-07
51389.3389943987,51399.3499942124,sparse_transition_switch,0.0020999999999999908,0.0020768008502228667
51931.3399974257,52182.1050021797,long_gap_plateau,-0.052200000000000024,-0.05219999999999981
52182.1050021797,52183.1209994853,sparse_transition_switch,0.0,-1.054379422922567e-07
52772.1349943429,52782.1649942547,sparse_transition_switch,-0.0020999999999999908,-0.0020879847038526005
53973.6629974097,53983.6829993874,sparse_transition_switch,0.0,-1.0377777772341182e-06
55813.7179937214,55823.728993535,sparse_transition_switch,0.0020999999999999908,0.0020768008502002142
55887.407002598,55897.4189981818,sparse_transition_switch,-0.0020999999999999908,-0.002077007527836999
55920.8749964833,55921.8899980187,sparse_transition_switch,0.0,-1.0533460318240234e-07
56550.9480021894,56560.9640009701,sparse_transition_switch,0.0020000000000000018,0.0019999999999996054
56758.4840018302,56768.4909984469,sparse_transition_switch,-0.0020999999999999908,-0.002083193628667533
56825.3460008651,56826.3629939407,sparse_transition_switch,0.0,-1.059085289016366e-07
57455.4409939796,57465.4519937932,sparse_transition_switch,0.0020999999999999908,0.0020768008502002142
57830.2409928292,57840.2559958398,sparse_transition_switch,-0.0020999999999999908,-0.0020776317359772123
57965.0649949908,57966.0810023546,sparse_transition_switch,0.0,-1.0580587736250082e-07
58595.1579965651,58605.1659990102,sparse_transition_switch,0.0020999999999999908,0.002076178729715705
59137.1879976243,59394.0469946712,long_gap_plateau,-0.0535000000000001,-0.053499999999999895
59394.0469946712,59395.0659994036,sparse_transition_switch,0.0,-1.0611802060157061e-07
59984.0919937938,59994.0979946405,sparse_transition_switch,-0.0020999999999999908,-0.0020757632868483485
61185.709002614,61195.7219939679,sparse_transition_switch,0.0,-1.0413888883433376e-06
63025.7850006223,63035.8030010015,sparse_transition_switch,0.002000000000000224,0.0019999999999996054
63099.7499987483,63109.7720023245,sparse_transition_switch,-0.0020000000000000018,-0.001999999999999838
63133.0859977752,63134.0989977121,sparse_transition_switch,0.0,-1.0549268848343571e-07
63763.1709929556,63773.1870017946,sparse_transition_switch,0.0019999999999997797,0.0019999999999996054
63970.6569928676,63980.6719958782,sparse_transition_switch,-0.0020999999999999908,-0.0020776317359772123
64038.0140002817,64039.0279959887,sparse_transition_switch,0.0,-1.0523022054823943e-07
64668.0909991264,64678.1060021371,sparse_transition_switch,0.0020999999999999908,0.0020776317359998647
65042.9070007056,65052.9159989208,sparse_transition_switch,-0.0020999999999999908,-0.002083610517154948
65176.2570016086,65177.2650025785,sparse_transition_switch,0.0,-1.0497210069984754e-07
65806.3519947231,65816.3610029966,sparse_transition_switch,0.0019999999999997797,0.0019999999999996054
66348.1190018356,66615.279994905,long_gap_plateau,-0.055600000000000094,-0.05560000000000064
66615.279994905,66616.2969980389,sparse_transition_switch,0.0,-1.059095775724725e-07
67205.3090013564,67215.3220027685,sparse_transition_switch,-0.0020999999999999908,-0.0020772162930872036
67806.0619991273,67816.077997908,sparse_transition_switch,0.0,-1.0377777787442835e-06
69646.1250018328,69656.1319984496,sparse_transition_switch,0.0020999999999999908,0.0020759699644624812
69720.0699940324,69730.0879944116,sparse_transition_switch,-0.0019999999999997797,-0.0019999999999998374
69753.450993821,69754.477994889,sparse_transition_switch,0.0,-1.0695075010880827e-07
70383.5129957646,70393.5189966112,sparse_transition_switch,0.0020999999999999908,0.0020757632868256964
70592.6729958504,70602.6800025254,sparse_transition_switch,-0.0020999999999999908,-0.002083195723587563
70659.5120016485,70660.5269931257,sparse_transition_switch,0.0,-1.0533356116825922e-07
71289.5980026573,71299.6070008725,sparse_transition_switch,0.0019999999999997797,0.0019999999999996054
71664.2170026898,71674.2319956422,sparse_transition_switch,-0.0020999999999999908,-0.0020848590876971626
71797.7819994092,71798.8069988787,sparse_transition_switch,0.0,-1.0674230707971016e-07
72427.6509929448,72437.663994357,sparse_transition_switch,0.0020999999999999908,0.002077216293111366
72959.2629957944,73226.2359995395,long_gap_plateau,-0.05549999999999988,-0.05550000000000044
73226.2359995395,73227.2489994764,sparse_transition_switch,0.0,-1.0549268848343571e-07
73816.261998564,73826.2809947133,sparse_transition_switch,-0.0020999999999999908,-0.0020856928646507764
74416.9859983027,74426.9940007478,sparse_transition_switch,0.0,-1.0377777787442835e-06
76257.0339940488,76267.0480012894,sparse_transition_switch,0.002000000000000224,0.0019999999999996054
76330.9079948813,76340.9299984574,sparse_transition_switch,-0.0020999999999999908,-0.0020863192448214558
76364.1579955816,76365.1849966496,sparse_transition_switch,0.0,-1.0695075010880827e-07
76994.26099509,77004.2750023305,sparse_transition_switch,0.0020999999999999908,0.00207742505836157
77203.4079998732,77213.4219970554,sparse_transition_switch,-0.0020999999999999908,-0.002084651690889981
77270.2019948512,77271.2230011821,sparse_transition_switch,0.0,-1.0632646363066871e-07
77900.2890016884,77910.3059962392,sparse_transition_switch,0.0020999999999999908,0.0020780450912084975
78277.4690017104,78287.4879978597,sparse_transition_switch,-0.0020999999999999908,-0.0020856928646507764
78411.0969934613,78412.1119949967,sparse_transition_switch,0.0,-1.0533460318240234e-07
79038.406002894,79048.4209958464,sparse_transition_switch,0.0020999999999999908,0.002077629648342651
79444.1859986633,79711.5259990096,long_gap_plateau,-0.055600000000000094,-0.05560000000000065
79711.5259990096,79712.5559974462,sparse_transition_switch,0.0,-1.0726289334787807e-07
80301.5739955008,80311.6059970111,sparse_transition_switch,-0.0020999999999999908,-0.0020884015923369847
80902.387996763,80912.4039955437,sparse_transition_switch,0.0,-1.041388889858758e-06
82742.4629990011,82752.4819951504,sparse_transition_switch,0.002000000000000224,0.0019999999999996054
82816.4279971272,82826.4439959079,sparse_transition_switch,-0.0020999999999999908,-0.0020778384135928547
82849.8030021787,82850.8189994842,sparse_transition_switch,0.0,-1.0580483172250551e-07
83479.8889931291,83489.9039961398,sparse_transition_switch,0.0019999999999997797,0.0019999999999996054
83687.2979968786,83697.3119940609,sparse_transition_switch,-0.0020999999999999908,-0.0020846516909142276
83754.078996554,83755.087993294,sparse_transition_switch,0.0,-1.0507579939439893e-07
84384.1509964317,84394.1610004753,sparse_transition_switch,0.0020999999999999908,0.0020765941726057146
84759.083000198,84769.1019963473,sparse_transition_switch,-0.0020999999999999908,-0.0020856928646477454
84892.5350021571,84893.5509994626,sparse_transition_switch,0.0,-1.0580483172250551e-07
85517.1780031174,85527.1870013326,sparse_transition_switch,0.0020999999999999908,0.002076385407331348
85788.0459968001,86054.8909988254,long_gap_plateau,-0.05549999999999988,-0.05550000000000044
86054.8909988254,86055.9030029923,sparse_transition_switch,0.0,-1.0502354232853071e-07
86644.9249941856,86654.9419987947,sparse_transition_switch,-0.0020999999999999908,-0.002085278071084907
86985.2229975164,86995.2369946986,sparse_transition_switch,0.0019999999999997797,0.0019999999999996054
87058.8139984757,87068.8299972564,sparse_transition_switch,-0.0019999999999997797,-0.0019999999999998374
87092.1619970351,87093.1719996035,sparse_transition_switch,0.0,-1.0518054524436593e-07
87722.2499996424,87732.2659984231,sparse_transition_switch,0.0019999999999997797,0.0019999999999996054
87929.6550001949,87939.6709989756,sparse_transition_switch,-0.0020999999999999908,-0.0020778384135928547
87996.3979996741,87997.4159985781,sparse_transition_switch,0.0,-1.0601327475160361e-07
88623.1159944087,88633.1339947879,sparse_transition_switch,0.0020999999999999908,0.0020782538564828638
88887.6890011132,88897.6959977299,sparse_transition_switch,-0.0020999999999999908,-0.002075969964441339
89021.1340025067,89022.1419934183,sparse_transition_switch,0.0,-1.0460705682635306e-07
89644.1530030221,89654.1629970074,sparse_transition_switch,0.002000000000000224,0.0019999999999996054
89834.8250024021,90101.9719943404,long_gap_plateau,-0.055600000000000094,-0.05560000000000064
90101.9719943404,90102.9869958758,sparse_transition_switch,0.0,-1.0570113151253383e-07
