case,profile,initial_x,initial_y,initial_a0,rest_voltage_V,end_s,end_h,complete,coverage_percent,termination,prefix_RMSE_mV,full_RMSE_mV,MAE_mV,bias_mV,max_error_mV,initial_DFN_voltage_V,min_anode_surface_potential_V,rest_RMSE_mV,rest_samples,rest_reached_samples,active_RMSE_mV,active_samples,active_reached_samples,CC_RMSE_mV,CC_samples,CC_reached_samples,CV_RMSE_mV,CV_samples,CV_reached_samples,charge_pulse_RMSE_mV,charge_pulse_samples,charge_pulse_reached_samples,discharge_pulse_RMSE_mV,discharge_pulse_samples,discharge_pulse_reached_samples
baseline,Charge_1C,0.0738653679397038,0.6538335007488741,1.0,2.94183564186096,2998.153723498589,0.8328204787496082,False,48.82194756474963,event: Maximum voltage [V],40.78350024299692,,23.90650660207219,22.0767425172376,230.3101045343028,2.941821824131482,0.087058749910422,0.1342571657374528,2003,60,41.20337809847144,4059,2899,41.20337809847144,3317.0,2899.0,,742.0,0.0,,,,,,
baseline,Charge_2C,0.0604795470321995,0.6656536646780584,1.0,2.86185503005981,1479.6740694245389,0.4110205748401497,False,33.30978441066043,event: Maximum voltage [V],41.02949771626865,,28.87369638099176,28.873373795553,162.55995609160135,2.861838071289343,-0.0300882752835293,0.1846822581175007,2086,60,41.8921430319091,2337,1412,41.8921430319091,1656.0,1412.0,,681.0,0.0,,,,,,
baseline,Charge_3C,0.0560971973976584,0.6695234378830949,1.0,2.82639813423157,861.5841577596171,0.2393289327110047,False,22.28099745783637,event: Maximum voltage [V],54.18692869374573,,40.62500420969744,40.623816402357306,203.6096657814195,2.8263798351266924,-0.0879630022009004,0.1309704226653801,2115,60,56.18710364753989,1729,798,56.18710364753989,1085.0,798.0,,644.0,0.0,,,,,,
baseline,Charge_4C,0.0611384143091953,0.6650718610460302,1.0,2.86671233177185,570.0538563808317,0.1583482934391199,False,15.98545764356284,event: Maximum voltage [V],64.09575796162679,,52.08607580883749,52.07961868072665,210.488823843654,2.866695558444716,-0.058809910651267,0.1028277993063994,2100,60,67.80371846804856,1423,504,67.80371846804856,782.0,504.0,,641.0,0.0,,,,,,
baseline,Discharge_1C,0.7404723216204709,0.0651954543199446,1.0,3.42665,2524.017811146632,0.7011160586518422,False,65.03867926797969,event: Minimum voltage [V],219.63007426693625,,114.18932491901884,-114.17904575505692,1141.6112100195282,3.426666771414556,0.0920323901573002,0.530192548606826,38,6,222.28162465253084,354,247,,,,,,,,,,,,
baseline,HPPC,0.7488503320557134,0.0577973681338769,1.0,3.4469,9493.35610052526,2.6370433612570165,False,10.466530552916868,event: Maximum voltage [V],69.30152989427944,,46.84878016250805,-25.119054620160856,349.86791679295504,3.446918886791672,0.061707713392668,51.53221652969776,41664,5607,110.21804815802236,13796,1639,,,,,,,90.23354238493468,2623.0,108.0,162.96656355367537,4022.0,601.0
multi_profile,Charge_1C,0.0739969797997406,0.7234588589103504,1.0,2.94183564186096,6140.995746886822,1.7058321519130062,True,100.0,final time,27.353780059216096,27.353780059216096,24.73205875376835,-1.909904253513824,70.29403512393984,2.9418209737828027,0.0875340514590184,33.199184827060286,2003,2003,23.949151669159946,4059,4059,23.16431391774259,3317.0,3317.0,27.181969177141788,742.0,742.0,,,,,,
multi_profile,Charge_2C,0.0605632591495568,0.7348647720588819,1.0,2.86185503005981,4442.1604510624975,1.2339334586284716,True,100.0,final time,25.56576392877117,25.56576392877117,19.25603227878288,-18.99392575567461,87.63528190444303,2.861837171923489,0.0830253108434896,7.835449407423204,2086,2086,34.38338183573718,2337,2337,28.516453381225755,1656.0,1656.0,45.60253309841045,681.0,681.0,,,,,,
multi_profile,Charge_3C,0.05616829984346,0.7385963163898998,1.0,2.82639813423157,3866.901198611251,1.0741392218364585,True,100.0,final time,26.94363763495905,26.94363763495905,22.26233950696482,-21.698951597474288,79.89332157335882,2.826378918445874,0.0784858487860207,14.436477193895366,2115,2115,36.86529669796913,1729,1729,29.07601026215541,1085.0,1085.0,47.16370047122939,644.0,644.0,,,,,,
multi_profile,Charge_4C,0.0612241692773327,0.7343036256935007,1.0,2.86671233177185,3566.0778007840518,0.9905771668844588,True,100.0,final time,20.07480125617865,20.07480125617865,15.951055708117163,-1.6466872534235797,65.90779819109693,2.866694661632933,0.0739077020009699,12.072968105069524,2100,2100,27.975392401808303,1423,1423,26.972864346667325,782.0,782.0,29.151795954827257,641.0,641.0,,,,,,
multi_profile,Discharge_1C,0.8928682468883682,0.0281954396793581,0.3770652419539913,3.42665,3880.794997,1.0779986102777777,True,100.0,final time,26.492987689021238,26.492987689021238,20.63338205467241,11.478914539851976,105.26079127560672,3.4266926519414183,0.0920117880048783,57.40172648194336,38,38,20.57972781967054,354,354,,,,,,,,,,,,
all_profiles,Charge_1C,0.0739969797997406,0.7234588589103504,1.0,2.94183564186096,6140.995746886822,1.7058321519130062,True,100.0,final time,27.353780059216096,27.353780059216096,24.73205875376835,-1.909904253513824,70.29403512393984,2.9418209737828027,0.0875340514590184,33.199184827060286,2003,2003,23.949151669159946,4059,4059,23.16431391774259,3317.0,3317.0,27.181969177141788,742.0,742.0,,,,,,
all_profiles,Charge_2C,0.0605632591495568,0.7348647720588819,1.0,2.86185503005981,4442.1604510624975,1.2339334586284716,True,100.0,final time,25.56576392877117,25.56576392877117,19.25603227878288,-18.99392575567461,87.63528190444303,2.861837171923489,0.0830253108434896,7.835449407423204,2086,2086,34.38338183573718,2337,2337,28.516453381225755,1656.0,1656.0,45.60253309841045,681.0,681.0,,,,,,
all_profiles,Charge_3C,0.05616829984346,0.7385963163898998,1.0,2.82639813423157,3866.901198611251,1.0741392218364585,True,100.0,final time,26.94363763495905,26.94363763495905,22.26233950696482,-21.698951597474288,79.89332157335882,2.826378918445874,0.0784858487860207,14.436477193895366,2115,2115,36.86529669796913,1729,1729,29.07601026215541,1085.0,1085.0,47.16370047122939,644.0,644.0,,,,,,
all_profiles,Charge_4C,0.0612241692773327,0.7343036256935007,1.0,2.86671233177185,3566.0778007840518,0.9905771668844588,True,100.0,final time,20.07480125617865,20.07480125617865,15.951055708117163,-1.6466872534235797,65.90779819109693,2.866694661632933,0.0739077020009699,12.072968105069524,2100,2100,27.975392401808303,1423,1423,26.972864346667325,782.0,782.0,29.151795954827257,641.0,641.0,,,,,,
all_profiles,Discharge_1C,0.8928682468883682,0.0281954396793581,0.3770652419539913,3.42665,3880.794997,1.0779986102777777,True,100.0,final time,26.492987689021238,26.492987689021238,20.63338205467241,11.478914539851976,105.26079127560672,3.4266926519414183,0.0920117880048783,57.40172648194336,38,38,20.57972781967054,354,354,,,,,,,,,,,,
all_profiles,HPPC,0.8580001274109268,0.0578002493049678,1.0,3.4469,65784.86824842602,18.273574513451678,False,72.52854798143149,event: Minimum voltage [V],35.82398133022984,,24.79687775434041,-10.292469808930171,596.8832824721791,3.446922116480623,0.0623925300032505,27.693490954517586,41664,29225,52.91550662205557,13796,9951,,,,,,,44.822455465920015,2623.0,1716.0,84.07839062226681,4022.0,2991.0
