case,profile,common_end_s,common_window_RMSE_mV
baseline,Charge_1C,2998.153723498589,40.783500242996915
final,Charge_1C,2998.153723498589,22.57580180836418
baseline,Charge_2C,1479.6740694245389,41.02949771626865
final,Charge_2C,1479.6740694245389,23.61687004701205
baseline,Charge_3C,861.5841577596171,54.18692869374573
final,Charge_3C,861.5841577596171,22.38194854746756
baseline,Charge_4C,570.0538563808317,64.0957579616268
final,Charge_4C,570.0538563808317,20.738531585450758
baseline,Discharge_1C,2524.017811146632,219.63007426693622
final,Discharge_1C,2524.017811146632,18.11553808588938
baseline,HPPC,9493.35610052526,69.30152989427944
final,HPPC,9493.35610052526,32.317230329820354
