case,profile,RMSE_difference_mV,endpoint_difference_s
baseline,Charge_1C,0.0021801210172753827,-0.009058242379524017
baseline,Charge_2C,0.00038218832020930904,-0.004344137580119423
baseline,Charge_3C,7.417100062667714e-05,-0.0006929548774223804
baseline,Charge_4C,0.00011051133563455551,-0.001656353023236079
baseline,Discharge_1C,0.0005632302448077553,-0.000282033692656114
baseline,HPPC,-1.9300990501847082e-05,1.0410076356492937e-08
multi_profile,Charge_1C,-0.007651638104835712,0.0
multi_profile,Charge_2C,0.002402245168529049,0.0
multi_profile,Charge_3C,-0.004064300487137018,0.0
multi_profile,Charge_4C,0.0013985425788796135,0.0
multi_profile,Discharge_1C,7.517713741833632e-05,0.0
all_profiles,Charge_1C,-0.007651638104835712,0.0
all_profiles,Charge_2C,0.002402245168529049,0.0
all_profiles,Charge_3C,-0.004064300487137018,0.0
all_profiles,Charge_4C,0.0013985425788796135,0.0
all_profiles,Discharge_1C,7.517713741833632e-05,0.0
all_profiles,HPPC,0.00017981849407533446,-5.210094968788326e-05
