trial,change,R_mOhm,log10_Dn,log10_j0n,log10_j0p,negative_active_fraction,positive_active_fraction,lithium_inventory_Ah,discharge_initial_LFP_charge_fraction,training_objective_mV,Charge_1C_coverage,Charge_2C_coverage,Charge_3C_coverage,Charge_4C_coverage,Discharge_1C_coverage,early_charge_pulse_count,early_charge_pulse_valid_count,early_charge_pulse_RMSE_mV,early_charge_pulse_max_error_mV,early_discharge_pulse_count,early_discharge_pulse_valid_count,early_discharge_pulse_RMSE_mV,early_discharge_pulse_max_error_mV,early_rest_count,early_rest_valid_count,early_rest_RMSE_mV,early_rest_max_error_mV,early_end_s,early_termination,late_charge_pulse_count,late_charge_pulse_valid_count,late_charge_pulse_RMSE_mV,late_charge_pulse_max_error_mV,late_discharge_pulse_count,late_discharge_pulse_valid_count,late_discharge_pulse_RMSE_mV,late_discharge_pulse_max_error_mV,late_rest_count,late_rest_valid_count,late_rest_RMSE_mV,late_rest_max_error_mV,late_end_s,late_termination,accepted,reason
1,discharge initial history only,8.0,-13.749812275817929,0.8750612633917001,-1.3010299956639813,0.58,0.374,2.731761840954426,0.3770652419539913,40.047436127784955,1.0,1.0,1.0,1.0,1.0,8,8,24.263534439403507,49.712649025460905,400,400,63.064586428610006,182.28174487190384,4295,4295,26.70987905577123,102.9040590145458,7200.0,final time,1708.0,1708.0,48.583417206576485,126.45043217757079,2579.0,2579.0,82.32960828402415,443.76868104677624,24930.0,24930.0,26.24096350069698,126.8880115999984,65784.71943729217,event: Minimum voltage [V],True,accepted
2,sweep 1: R_mOhm increase,8.5,-13.749812275817929,0.8750612633917001,-1.3010299956639813,0.58,0.374,2.731761840954426,0.3770652419539913,39.418612539298046,1.0,1.0,1.0,1.0,1.0,8,8,26.302755649398957,52.213199025461066,400,400,74.74841694812801,201.0311948719039,4295,4295,26.70987905577123,102.9040590145458,7200.0,final time,,,,,,,,,,,,,,,False,charge_pulse RMSE worsened; discharge_pulse RMSE worsened; discharge_pulse peak error worsened
3,sweep 1: log10_Dn decrease,8.0,-13.81051011617154,0.8750612633917001,-1.3010299956639813,0.58,0.374,2.731761840954426,0.3770652419539913,39.20117364819012,1.0,1.0,1.0,1.0,1.0,8,8,24.263575673855588,49.7126961235046,400,400,63.07745297134973,182.28167343372493,4295,4295,26.7087103426605,102.65493029314099,7200.0,final time,1708.0,1708.0,48.86135566833912,126.45051007557662,2579.0,2579.0,89.13074431433434,575.491642928565,24930.0,24930.0,26.416489328712853,148.36648446957267,65783.89528250434,event: Minimum voltage [V],False,discharge_pulse RMSE worsened; discharge_pulse peak error worsened
4,sweep 1: log10_Dn increase,8.0,-13.689114435464317,0.8750612633917001,-1.3010299956639813,0.58,0.374,2.731761840954426,0.3770652419539913,41.10816236217037,1.0,1.0,1.0,1.0,1.0,8,8,24.263439944621016,49.71256341694064,400,400,63.05803695479328,182.2818342835677,4295,4295,26.71045246958983,103.02868269102605,7200.0,final time,,,,,,,,,,,,,,,False,no sufficient training improvement
5,sweep 1: log10_j0n decrease,8.0,-13.749812275817929,0.8143634230380884,-1.3010299956639813,0.58,0.374,2.731761840954426,0.3770652419539913,39.748161875256145,1.0,1.0,1.0,1.0,1.0,8,8,25.21285856573165,50.89681127774482,400,400,66.94250644164374,187.8710543539688,4295,4295,26.70734685993821,102.89730492323513,7200.0,final time,,,,,,,,,,,,,,,False,discharge_pulse RMSE worsened; discharge_pulse peak error worsened
6,sweep 1: log10_j0n increase,8.0,-13.749812275817929,0.9357591037453118,-1.3010299956639813,0.58,0.374,2.731761840954426,0.3770652419539913,40.32131798423263,1.0,1.0,1.0,1.0,1.0,8,8,23.459347771244378,48.678952682422945,400,400,59.49429123587362,177.00996657422152,4295,4295,26.71261151108756,102.90826952891807,7200.0,final time,,,,,,,,,,,,,,,False,no sufficient training improvement
7,sweep 1: log10_j0p decrease,8.0,-13.749812275817929,0.8750612633917001,-1.3617278360175928,0.58,0.374,2.731761840954426,0.3770652419539913,39.74934425513986,1.0,1.0,1.0,1.0,1.0,8,8,25.19717859694035,50.87690655734755,400,400,66.95310488490348,187.9171743329211,4295,4295,26.70607421750147,103.0116033519417,7200.0,final time,,,,,,,,,,,,,,,False,discharge_pulse RMSE worsened; discharge_pulse peak error worsened
8,sweep 1: log10_j0p increase,8.0,-13.749812275817929,0.8750612633917001,-1.2403321553103697,0.58,0.374,2.731761840954426,0.3770652419539913,40.32557872778694,1.0,1.0,1.0,1.0,1.0,8,8,23.471583540084506,48.69517159994486,400,400,59.47803649630023,176.94971643694535,4295,4295,26.714519787124402,102.78360526780173,7200.0,final time,,,,,,,,,,,,,,,False,no sufficient training improvement
9,sweep 1: negative_active_fraction decrease,8.0,-13.749812275817929,0.8750612633917001,-1.3010299956639813,0.57,0.374,2.731761840954426,0.3770652419539913,43.072951763951956,1.0,1.0,1.0,1.0,1.0,8,8,24.37394687636253,49.85204830385604,400,400,63.522751501984786,182.95952032524985,4295,4295,26.709568854114053,103.03038413984966,7200.0,final time,,,,,,,,,,,,,,,False,no sufficient training improvement
10,sweep 1: negative_active_fraction increase,8.0,-13.749812275817929,0.8750612633917001,-1.3010299956639813,0.59,0.374,2.731761840954426,0.3770652419539913,37.48684442447023,1.0,1.0,1.0,1.0,1.0,8,8,24.157235542853062,49.577837236155716,400,400,62.62597118531881,181.6202420103723,4295,4295,26.70933892635759,102.66752299513948,7200.0,final time,1708.0,1708.0,47.470742184760375,125.99394038219414,2579.0,2579.0,84.02584635552151,453.2474285536914,24930.0,24930.0,26.928273306113283,127.5291826710232,65784.66605896525,event: Minimum voltage [V],False,discharge_pulse RMSE worsened; discharge_pulse peak error worsened
11,sweep 1: positive_active_fraction decrease,8.0,-13.749812275817929,0.8750612633917001,-1.3010299956639813,0.58,0.354,2.731761840954426,0.3770652419539913,47.07671366849923,1.0,1.0,1.0,1.0,1.0,8,8,24.077583289485695,49.15454383241613,400,400,65.03602659509433,184.7780292107748,4295,4295,26.53521010893253,102.82656112576971,7200.0,final time,,,,,,,,,,,,,,,False,discharge_pulse RMSE worsened; no sufficient training improvement
12,sweep 1: positive_active_fraction increase,8.0,-13.749812275817929,0.8750612633917001,-1.3010299956639813,0.58,0.394,2.731761840954426,0.3770652419539913,34.49521315264875,1.0,1.0,1.0,1.0,1.0,8,8,24.476834398488997,50.276660352738475,400,400,61.245744275689596,179.97239492859407,4295,4295,26.876059362938236,102.96546737052026,7200.0,final time,1708.0,1708.0,47.808626991216734,126.53339629920302,2579.0,2579.0,84.24722550446823,488.3692607134629,24930.0,24930.0,26.93266502833388,134.15994684059473,65784.40519158283,event: Minimum voltage [V],False,discharge_pulse RMSE worsened; discharge_pulse peak error worsened
13,sweep 1: lithium_inventory_Ah decrease,8.0,-13.749812275817929,0.8750612633917001,-1.3010299956639813,0.58,0.374,2.711761840954426,0.3770652419539913,72.03762831839792,0.7191762743636667,1.0,1.0,1.0,1.0,8,8,24.26324830950179,49.712308265509094,400,400,63.071859738124886,182.28207653243265,4295,4295,26.70941267571842,102.78178419868978,7200.0,final time,,,,,,,,,,,,,,,False,no sufficient training improvement
14,sweep 1: lithium_inventory_Ah increase,8.0,-13.749812275817929,0.8750612633917001,-1.3010299956639813,0.58,0.374,2.751761840954426,0.3770652419539913,63.06141861067183,1.0,1.0,1.0,1.0,1.0,8,8,24.263631015044272,49.712815681874915,400,400,63.05969053777472,182.2818228350851,4295,4295,26.710201202037318,102.98819815771188,7200.0,final time,,,,,,,,,,,,,,,False,no sufficient training improvement
15,sweep 1: discharge_initial_LFP_charge_fraction decrease,8.0,-13.749812275817929,0.8750612633917001,-1.3010299956639813,0.58,0.374,2.731761840954426,0.2770652419539913,43.83178697653789,1.0,1.0,1.0,1.0,1.0,8,8,24.263534439403507,49.712649025460905,400,400,63.064586428610006,182.28174487190384,4295,4295,26.70987905577123,102.9040590145458,7200.0,final time,,,,,,,,,,,,,,,False,no sufficient training improvement
16,sweep 1: discharge_initial_LFP_charge_fraction increase,8.0,-13.749812275817929,0.8750612633917001,-1.3010299956639813,0.58,0.374,2.731761840954426,0.47706524195399136,46.04315608352241,1.0,1.0,1.0,1.0,1.0,8,8,24.263534439403507,49.712649025460905,400,400,63.064586428610006,182.28174487190384,4295,4295,26.70987905577123,102.9040590145458,7200.0,final time,,,,,,,,,,,,,,,False,no sufficient training improvement
17,sweep 2: R_mOhm increase,8.25,-13.749812275817929,0.8750612633917001,-1.3010299956639813,0.58,0.374,2.731761840954426,0.3770652419539913,39.7233655867318,1.0,1.0,1.0,1.0,1.0,8,8,25.26780376491586,50.962924025461206,400,400,68.8884307786859,191.65646987190365,4295,4295,26.70987905577123,102.9040590145458,7200.0,final time,,,,,,,,,,,,,,,False,charge_pulse RMSE worsened; discharge_pulse RMSE worsened; discharge_pulse peak error worsened
18,sweep 2: log10_Dn decrease,8.0,-13.780161195994735,0.8750612633917001,-1.3010299956639813,0.58,0.374,2.731761840954426,0.3770652419539913,39.57974893652425,1.0,1.0,1.0,1.0,1.0,8,8,24.263471282064593,49.71254719009144,400,400,63.06995909911839,182.2817844157938,4295,4295,26.70936714338366,102.80049236470701,7200.0,final time,1708.0,1708.0,48.71969287641587,126.45050505254574,2579.0,2579.0,85.46055537861001,503.24175953221453,24930.0,24930.0,26.31338339220118,134.4706040985999,65784.29461162719,event: Minimum voltage [V],False,discharge_pulse RMSE worsened; discharge_pulse peak error worsened
19,sweep 2: log10_Dn increase,8.0,-13.719463355641123,0.8750612633917001,-1.3010299956639813,0.58,0.374,2.731761840954426,0.3770652419539913,40.568731765624676,1.0,1.0,1.0,1.0,1.0,8,8,24.263416656851533,49.712527993226004,400,400,63.060792333745894,182.28189536762153,4295,4295,26.710238368264214,102.9772695749851,7200.0,final time,,,,,,,,,,,,,,,False,no sufficient training improvement
20,sweep 2: log10_j0n decrease,8.0,-13.749812275817929,0.8447123432148943,-1.3010299956639813,0.58,0.374,2.731761840954426,0.3770652419539913,39.90358411602846,1.0,1.0,1.0,1.0,1.0,8,8,24.718541029594387,50.28470776342475,400,400,64.96535861517775,185.03899165372584,4295,4295,26.70859003848883,102.90091237935695,7200.0,final time,,,,,,,,,,,,,,,False,discharge_pulse RMSE worsened
21,sweep 2: log10_j0n increase,8.0,-13.749812275817929,0.9054101835685059,-1.3010299956639813,0.58,0.374,2.731761840954426,0.3770652419539913,40.188276985812834,1.0,1.0,1.0,1.0,1.0,8,8,23.844583462958852,49.17806562080207,400,400,61.24083835176257,179.60443389445845,4295,4295,26.711274940205712,102.90648500463861,7200.0,final time,,,,,,,,,,,,,,,False,no sufficient training improvement
22,sweep 2: log10_j0p decrease,8.0,-13.749812275817929,0.8750612633917001,-1.3313789158407872,0.58,0.374,2.731761840954426,0.3770652419539913,39.90070113113693,1.0,1.0,1.0,1.0,1.0,8,8,24.711258148713032,50.27523592517235,400,400,64.97129728581558,185.0631241941656,4295,4295,26.70774344346492,102.95909589955387,7200.0,final time,,,,,,,,,,,,,,,False,discharge_pulse RMSE worsened
23,sweep 2: log10_j0p increase,8.0,-13.749812275817929,0.8750612633917001,-1.2706810754871753,0.58,0.374,2.731761840954426,0.3770652419539913,40.19028897961398,1.0,1.0,1.0,1.0,1.0,8,8,23.85117944071025,49.186671884188016,400,400,61.233470273932845,179.57617567981376,4295,4295,26.71208119429532,102.84536982171888,7200.0,final time,,,,,,,,,,,,,,,False,no sufficient training improvement
24,sweep 2: negative_active_fraction decrease,8.0,-13.749812275817929,0.8750612633917001,-1.3010299956639813,0.575,0.374,2.731761840954426,0.3770652419539913,41.51052825661184,1.0,1.0,1.0,1.0,1.0,8,8,24.31810726054831,49.78157843749953,400,400,63.29144011627367,182.61861145599667,4295,4295,26.709750246746342,102.9776928737034,7200.0,final time,,,,,,,,,,,,,,,False,no sufficient training improvement
25,sweep 2: negative_active_fraction increase,8.0,-13.749812275817929,0.8750612633917001,-1.3010299956639813,0.585,0.374,2.731761840954426,0.3770652419539913,38.699971191929926,1.0,1.0,1.0,1.0,1.0,8,8,24.209928445410224,49.6447251653982,400,400,62.84257941633707,181.94892295628586,4295,4295,26.709657811382982,102.80332670630355,7200.0,final time,1708.0,1708.0,48.02515944191954,126.22058672457159,2579.0,2579.0,83.17266079003686,448.50005612255916,24930.0,24930.0,26.561556375651396,126.32707117482678,65784.69280167195,event: Minimum voltage [V],True,accepted
26,sweep 2: positive_active_fraction decrease,8.0,-13.749812275817929,0.8750612633917001,-1.3010299956639813,0.585,0.364,2.731761840954426,0.3770652419539913,41.8797252235517,1.0,1.0,1.0,1.0,1.0,8,8,24.112391818148645,49.364485302477945,400,400,63.80708943367259,183.17240433991168,4295,4295,26.62349141451376,102.7752792578247,7200.0,final time,,,,,,,,,,,,,,,False,no sufficient training improvement
27,sweep 2: positive_active_fraction increase,8.0,-13.749812275817929,0.8750612633917001,-1.3010299956639813,0.585,0.384,2.731761840954426,0.3770652419539913,35.939402766794224,1.0,1.0,1.0,1.0,1.0,8,8,24.314171675953894,49.92636856914734,400,400,61.91627335826529,180.77232222574312,4295,4295,26.79375838222754,102.82652026125572,7200.0,final time,1708.0,1708.0,47.63076630078956,126.25407813475897,2579.0,2579.0,84.07736351611017,470.04230855736574,24930.0,24930.0,26.91670021427664,130.7512558102033,65784.53583861684,event: Minimum voltage [V],False,discharge_pulse RMSE worsened; discharge_pulse peak error worsened
28,sweep 2: lithium_inventory_Ah decrease,8.0,-13.749812275817929,0.8750612633917001,-1.3010299956639813,0.585,0.374,2.7217618409544264,0.3770652419539913,32.98502721892782,1.0,1.0,1.0,1.0,1.0,8,8,24.209874995568633,49.64463794696128,400,400,62.847127996989485,181.94890375975038,4295,4295,26.709363757998293,102.72791896433242,7200.0,final time,1708.0,1708.0,47.716945358977526,126.22041863398037,2579.0,2579.0,86.76194013314952,495.7937680614468,24930.0,24930.0,27.401385270748804,137.39018120862045,65784.36895570942,event: Minimum voltage [V],False,discharge_pulse RMSE worsened; discharge_pulse peak error worsened
29,sweep 2: lithium_inventory_Ah increase,8.0,-13.749812275817929,0.8750612633917001,-1.3010299956639813,0.585,0.374,2.741761840954426,0.3770652419539913,49.41222937723519,1.0,1.0,1.0,1.0,1.0,8,8,24.210050768637295,49.644850762113,400,400,62.83882470469148,181.94862076074259,4295,4295,26.709884318727728,102.86622671385493,7200.0,final time,,,,,,,,,,,,,,,False,no sufficient training improvement
30,sweep 2: discharge_initial_LFP_charge_fraction decrease,8.0,-13.749812275817929,0.8750612633917001,-1.3010299956639813,0.585,0.374,2.731761840954426,0.32706524195399134,39.63667636645763,1.0,1.0,1.0,1.0,1.0,8,8,24.209928445410224,49.6447251653982,400,400,62.84257941633707,181.94892295628586,4295,4295,26.709657811382982,102.80332670630355,7200.0,final time,,,,,,,,,,,,,,,False,no sufficient training improvement
31,sweep 2: discharge_initial_LFP_charge_fraction increase,8.0,-13.749812275817929,0.8750612633917001,-1.3010299956639813,0.585,0.374,2.731761840954426,0.4270652419539913,40.52064988609081,1.0,1.0,1.0,1.0,1.0,8,8,24.209928445410224,49.6447251653982,400,400,62.84257941633707,181.94892295628586,4295,4295,26.709657811382982,102.80332670630355,7200.0,final time,,,,,,,,,,,,,,,False,no sufficient training improvement
32,paired step 0.5: log10_Dn increase + positive_active_fraction increase,8.0,-13.719463355641123,0.8750612633917001,-1.3010299956639813,0.585,0.384,2.731761840954426,0.3770652419539913,36.43166985644962,1.0,1.0,1.0,1.0,1.0,8,8,24.314274057919523,49.92645855869115,400,400,61.91035466890782,180.7719359868383,4295,4295,26.794147862251705,102.93591757738652,7200.0,final time,1708.0,1708.0,47.50621028607074,126.25420492550931,2579.0,2579.0,81.1840940450734,417.0553281854974,24930.0,24930.0,26.849102556033476,127.12527018613251,65784.97633970906,event: Minimum voltage [V],True,accepted
33,paired step 0.25: log10_Dn increase + positive_active_fraction increase,8.0,-13.734637815729526,0.8750612633917001,-1.3010299956639813,0.585,0.379,2.731761840954426,0.3770652419539913,37.50581668663287,1.0,1.0,1.0,1.0,1.0,8,8,24.26127346282709,49.78543360741084,400,400,62.37176142169484,181.35507033302778,4295,4295,26.752235633324332,102.87214078419416,7200.0,final time,,,,,,,,,,,,,,,False,no sufficient training improvement
34,paired step 0.5: log10_Dn increase + negative_active_fraction increase,8.0,-13.689114435464317,0.8750612633917001,-1.3010299956639813,0.59,0.384,2.731761840954426,0.3770652419539913,35.987808128633155,1.0,1.0,1.0,1.0,1.0,8,8,24.262051274979164,49.85964588147907,400,400,61.6869453702848,180.44376835799892,4295,4295,26.794506115509762,102.93206724945536,7200.0,final time,1708.0,1708.0,46.8421099298246,126.02755283539224,2579.0,2579.0,79.48452512626072,377.13942968078663,24930.0,24930.0,27.179961908250885,127.4491799851427,65785.41360184907,event: Minimum voltage [V],True,accepted
35,paired step 0.25: log10_Dn increase + negative_active_fraction increase,8.0,-13.70428889555272,0.8750612633917001,-1.3010299956639813,0.5874999999999999,0.384,2.731761840954426,0.3770652419539913,36.18719669140864,1.0,1.0,1.0,1.0,1.0,8,8,24.288034803687587,49.892893585800294,400,400,61.79825345660997,180.60727730299232,4295,4295,26.794326312043125,102.93413593609868,7200.0,final time,,,,,,,,,,,,,,,False,no sufficient training improvement
36,paired step 0.5: log10_j0n increase + positive_active_fraction increase,8.0,-13.689114435464317,0.9054101835685059,-1.3010299956639813,0.59,0.394,2.731761840954426,0.3770652419539913,34.153013942223716,1.0,1.0,1.0,1.0,1.0,8,8,23.970009720483066,49.61659713920908,400,400,58.9999941848774,176.65268754618157,4295,4295,26.877792890183418,102.96184316011204,7200.0,final time,1708.0,1708.0,45.290875740707776,124.27165625594805,2579.0,2579.0,78.45074969384729,391.2971755963497,24930.0,24930.0,27.560935214021743,127.30491061587034,65785.25313090227,event: Minimum voltage [V],True,accepted
37,paired step 0.25: log10_j0n increase + positive_active_fraction increase,8.0,-13.689114435464317,0.890235723480103,-1.3010299956639813,0.59,0.389,2.731761840954426,0.3770652419539913,35.00208818773594,1.0,1.0,1.0,1.0,1.0,8,8,24.110147532625543,49.73343955171083,400,400,60.328413822076875,178.53241636013718,4295,4295,26.83643487682629,102.94756328800325,7200.0,final time,,,,,,,,,,,,,,,False,no sufficient training improvement
38,paired step 0.5: log10_j0n decrease + log10_j0p increase,8.0,-13.689114435464317,0.8750612633917001,-1.2706810754871753,0.59,0.394,2.731761840954426,0.3770652419539913,34.14568936451508,1.0,1.0,1.0,1.0,1.0,8,8,23.989396906166828,49.64212277713598,400,400,59.02652519253913,176.6631616819332,4295,4295,26.879139027265005,102.89950822648075,7200.0,final time,,,,,,,,,,,,,,,False,no sufficient training improvement
39,paired step 0.25: log10_j0n decrease + log10_j0p increase,8.0,-13.689114435464317,0.8902357234801029,-1.2858555355755783,0.59,0.394,2.731761840954426,0.3770652419539913,34.153491273721365,1.0,1.0,1.0,1.0,1.0,8,8,23.973064894891124,49.62066647383922,400,400,58.99602105410322,176.63774683320722,4295,4295,26.878476253085903,102.93098878692275,7200.0,final time,,,,,,,,,,,,,,,False,no sufficient training improvement
40,paired step 0.5: positive_active_fraction increase + lithium_inventory_Ah increase,8.0,-13.689114435464317,0.9054101835685059,-1.3010299956639813,0.59,0.404,2.741761840954426,0.3770652419539913,39.03669531770708,1.0,1.0,1.0,1.0,1.0,8,8,24.08871683644893,49.89899597023984,400,400,58.14401598966068,175.56196234773714,4295,4295,26.958371720830154,103.0489161966277,7200.0,final time,,,,,,,,,,,,,,,False,no sufficient training improvement
41,paired step 0.25: positive_active_fraction increase + lithium_inventory_Ah increase,8.0,-13.689114435464317,0.9054101835685059,-1.3010299956639813,0.59,0.399,2.736761840954426,0.3770652419539913,36.217769113630936,1.0,1.0,1.0,1.0,1.0,8,8,24.0287351785829,49.75771607238721,400,400,58.567825555058846,176.10248801281347,4295,4295,26.9183634589805,103.00603980515177,7200.0,final time,,,,,,,,,,,,,,,False,no sufficient training improvement
42,paired step 0.5: negative_active_fraction decrease + lithium_inventory_Ah decrease,8.0,-13.689114435464317,0.9054101835685059,-1.3010299956639813,0.585,0.394,2.7217618409544264,0.3770652419539913,37.39325076339983,0.9234608411842703,1.0,1.0,1.0,1.0,8,8,24.01710272026403,49.67855109113417,400,400,59.211868069775285,176.97221753724125,4295,4295,26.877971645548246,103.0040152680587,7200.0,final time,,,,,,,,,,,,,,,False,no sufficient training improvement
43,paired step 0.25: negative_active_fraction decrease + lithium_inventory_Ah decrease,8.0,-13.689114435464317,0.9054101835685059,-1.3010299956639813,0.5875,0.394,2.7267618409544263,0.3770652419539913,32.79165828485025,1.0,1.0,1.0,1.0,1.0,8,8,23.993437537937066,49.64740362960684,400,400,59.105519864952015,176.81212175798146,4295,4295,26.877880505517883,102.983545615559,7200.0,final time,1708.0,1708.0,45.40912213995273,124.37874572802832,2579.0,2579.0,79.67018394068914,408.29678631693736,24930.0,24930.0,27.796603129744152,127.27797754768089,65785.08907029792,event: Minimum voltage [V],True,accepted
44,paired step 0.5: log10_Dn decrease + log10_j0n increase,8.0,-13.719463355641123,0.9357591037453117,-1.3010299956639813,0.5875,0.394,2.7267618409544263,0.3770652419539913,32.551863678963215,1.0,1.0,1.0,1.0,1.0,8,8,23.621164785734337,49.154305454484074,400,400,57.38811687193455,174.23362434332824,4295,4295,26.878807647880127,102.86588095903859,7200.0,final time,1708.0,1708.0,44.40493147224883,122.66022564687829,2579.0,2579.0,80.84069116404427,456.2059015604283,24930.0,24930.0,27.871130962412415,132.46880850875885,65784.65366850047,event: Minimum voltage [V],False,discharge_pulse peak error worsened
45,paired step 0.25: log10_Dn decrease + log10_j0n increase,8.0,-13.70428889555272,0.9205846436569088,-1.3010299956639813,0.5875,0.394,2.7267618409544263,0.3770652419539913,32.66368196155672,1.0,1.0,1.0,1.0,1.0,8,8,23.803425823097026,49.39676909470015,400,400,58.23678983526372,175.5119580940301,4295,4295,26.87833770770872,102.93081480373134,7200.0,final time,1708.0,1708.0,44.89792830229043,123.5080937910169,2579.0,2579.0,80.18999868622613,431.1009428156982,24930.0,24930.0,27.83114737022475,126.82235691520027,65784.8683527522,event: Minimum voltage [V],True,accepted
