profile,variant,initial_x,initial_y,Qn_Ah,Qp_Ah,inventory_Ah,root_error_V,initial_LFP_charge_branch_weight,end_s,requested_end_s,complete,time_coverage_percent,termination,final_voltage_V,net_discharge_Ah,initial_DFN_voltage_V,minimum_anode_surface_potential_V,prefix_RMSE_mV,prefix_MAE_mV,prefix_bias_mV,prefix_max_absolute_error_mV,full_RMSE_mV,prefix_time_weighted_RMSE_mV,CC_prefix_RMSE_mV,CV_prefix_RMSE_mV,rest_prefix_RMSE_mV,active_prefix_RMSE_mV,common_window_RMSE_mV
Charge_1C,reference,0.07407468651243378,0.7644417162353184,2.906835792405628,3.291864948555765,2.731761840954426,0.0,1.0,6140.995746886822,6140.995746886822,True,100.0,final time,3.6064321771637498,-2.423027614133214,2.9418202848063784,0.08708410309235139,23.007740991828186,17.01131024835644,-15.575473366306634,91.16923124989151,23.007740991828186,22.99463195370275,22.734770548340528,44.271511442395436,4.638221585237161,,23.12245155511613
Charge_2C,reference,0.060613531868481486,0.77632840257806,2.906835792405628,3.291864948555765,2.731761840954426,-8.881784197001252e-16,1.0,4442.1604510624975,4442.1604510624975,True,100.0,final time,3.5684508347230333,-2.4465097115270233,2.861836413806511,0.08213253351876723,40.01600961588287,35.61629461687992,-35.253330680816966,102.20380536527385,40.01600961588287,40.00235441693003,27.973120333528325,67.89719180248811,35.700808624029364,,40.29021455108231
Charge_3C,reference,0.05621123328452485,0.780215791426839,2.906835792405628,3.291864948555765,2.731761840954426,-4.440892098500626e-16,1.0,3866.901198611251,3866.901198611251,True,100.0,final time,3.561916825228379,-2.4563358885061164,2.8263781354420052,0.07713955116027318,44.67402310749921,40.711760180596976,-39.79736793416149,90.89061634236595,44.67402310749921,44.65616732404373,28.693130177266806,69.18522169364108,41.91462123277787,,45.026808115595806
Charge_4C,reference,0.06127562656768956,0.775743749015506,2.906835792405628,3.291864948555765,2.731761840954426,-1.3322676295501878e-15,1.0,3566.0778007840513,3566.0778007840513,True,100.0,final time,3.586207775523129,-2.452238021267274,2.866693907160175,0.07179216487823825,28.52751760906652,24.15177652533659,-22.994944900061427,72.26626794831459,28.52751760906652,28.5302750231904,26.770573040850923,49.42682717085959,18.93307212398347,,28.77358729239535
Discharge_1C,reference,0.8659335994267364,0.06520166035010576,2.906835792405628,3.291864948555765,2.731761840954426,5.289102489314246e-13,1.0,3510.0043248791267,3880.794997,False,90.44549705904309,event: Minimum voltage [V],1.999999999999652,2.3979425513868167,3.426670572652973,0.09201370505211712,101.80579323015883,38.954890102220084,-24.340419570577282,714.6970727745971,,98.31400177514853,,,0.5299676464016303,102.68468475507015,102.68468475507015
HPPC,reference,0.8743153720936285,0.057800251977438925,2.906835792405628,3.291864948555765,2.731761840954426,0.0,1.0,65784.71943729217,90702.0339980721,False,72.52838391550341,event: Minimum voltage [V],1.9999999998296563,2.0855361271033783,3.4469230523931165,0.05929607840603923,35.365141765979715,24.422199004652168,-8.872210428327772,589.1227758119859,,22.701003362067098,,,26.310400695661208,53.769391155890446,35.40357124624913
Charge_1C,pulse_checked,0.07399697979979164,0.7234588589372813,2.944424186272942,3.467900507302063,2.7267618409544263,1.6697754290362354e-13,1.0,6140.995746886822,6140.995746886822,True,100.0,final time,3.639924269202822,-2.423027614133214,2.9418209737827903,0.08753406254811022,27.361442384348454,24.738589823962528,-1.9019771355273452,70.28684036165566,27.361442384348454,27.350177503333814,23.219353965613813,26.978500903558277,33.21893517963462,,27.497860670904892
Charge_2C,pulse_checked,0.060563259149589474,0.7348647720858283,2.944424186272942,3.467900507302063,2.7267618409544263,-1.3322676295501878e-15,1.0,4442.1604510624975,4442.1604510624975,True,100.0,final time,3.5977822527979955,-2.4465097115270233,2.861837171923443,0.08302530566155082,25.56550184912318,19.255841265218937,-18.993734742009547,87.63454956911198,25.56550184912318,25.550040824455557,28.729350443073525,45.33531295501421,7.835346140824159,,25.74068102780206
Charge_3C,pulse_checked,0.05616829984348775,0.7385963164168504,2.944424186272942,3.467900507302063,2.7267618409544263,-1.3322676295501878e-15,1.0,3866.901198611251,3866.901198611251,True,100.0,final time,3.590387263061474,-2.4563358885061164,2.826378918445867,0.07848584854394039,26.942111992155965,22.259646636349782,-21.696258727403823,79.8928313291829,26.942111992155965,26.906535830640195,29.50659466134569,46.81950610285926,14.432459462664124,,27.154867211435572
Charge_4C,pulse_checked,0.06122416927736611,0.7343036257204465,2.944424186272942,3.467900507302063,2.7267618409544263,-1.7763568394002505e-15,1.0,3566.0778007840513,3566.0778007840513,True,100.0,final time,3.617029585832155,-2.452238021267274,2.866694661632736,0.07390723167118463,20.074164281465652,15.95062622443893,-1.6462271028648605,65.90626618425644,20.074164281465652,20.07249807307538,27.552945232643957,28.4901900732748,12.072746526783344,,20.247315629536907
Discharge_1C,pulse_checked,0.8928682469201379,0.028195439679358173,2.944424186272942,3.467900507302063,2.7267618409544263,0.0,0.3770652419539913,3880.794997,3880.794997,True,100.0,final time,2.8189260320629863,2.44705593290866,3.4266926519412957,0.09201178800488734,26.492953551830848,20.633297939170163,11.479291025274224,105.26345637377332,26.492953551830848,25.426674297667226,,,57.40042443578876,20.580068994181143,18.342857480133183
HPPC,pulse_checked,0.8580001274426964,0.05780024930496804,2.944424186272942,3.467900507302063,2.7267618409544263,1.1546319456101628e-14,1.0,65784.8683527522,90702.0339980721,False,72.52854809645225,event: Minimum voltage [V],1.9999999998547318,2.087087238615113,3.446922116480626,0.062392530143817175,35.823611150571004,24.79671374215909,-10.292400148332831,596.8626803692416,,24.19979808246885,,,27.693174351513676,52.91500661488629,35.61569187718657
