Time,Current,Voltage,Simulated_V,Residual_mV
0.0,0.0,3.4275,3.4266926519412957,-0.8073480587045267
9.996,0.0,3.4272,3.4266926520283816,-0.5073479716184437
19.992,0.0,3.4268,3.426692652027776,-0.10734797222422543
29.999,0.0,3.4265,3.4266926520272722,0.1926520272723664
40.001,0.0,3.4262,3.4266926520267686,0.49265202676851416
49.996,0.0,3.426,3.426692652026171,0.6926520261707481
60.007,-2.4992,3.351,3.3760082018365796,25.00820183657959
70.014,-2.4967,3.3269,3.354792406344125,27.8924063441246
80.009,-2.4967,3.3119,3.340179737423301,28.279737423301032
90.011,-2.4967,3.3022,3.328972620668378,26.772620668377822
100.007,-2.4992,3.2956,3.3200768421151783,24.47684211517842
110.003,-2.4992,3.2911,3.312950990833339,21.85099083333908
120.01,-2.4992,3.2879,3.3071656976509716,19.265697650971525
130.006,-2.4992,3.2857,3.3024496372967773,16.749637296777475
140.021,-2.4967,3.2842,3.2986113296528528,14.411329652852967
150.0030018,-2.4992,3.283,3.2954072807584196,12.407280758419681
160.0110042,-2.4967,3.2821,3.2928166419956657,10.71664199566591
170.0060013,-2.4967,3.2813,3.2906550086443906,9.355008644390761
180.0140038,-2.4992,3.2808,3.2888294868507892,8.02948685078908
190.002996,-2.4992,3.2801,3.287343179048224,7.243179048224135
200.0150017,-2.4967,3.2796,3.2861381921323387,6.53819213233886
210.0020024,-2.4967,3.2791,3.2851125849582585,6.0125849582584046
220.0130022,-2.4967,3.2786,3.284253469165324,5.653469165324054
230.0090052,-2.4967,3.2782,3.2835348073708452,5.33480737084524
240.0080054,-2.4992,3.2777,3.282899267123758,5.199267123757956
250.0080015,-2.4992,3.2772,3.2823891055057337,5.189105505733593
260.0160039,-2.4992,3.2769,3.2819581186147215,5.058118614721607
270.0100053,-2.4992,3.2766,3.2815933437727756,4.993343772775383
280.0129987,-2.4967,3.2761,3.2813138793937746,5.213879393774601
290.0029968,-2.4992,3.2757,3.281017085568926,5.317085568925961
300.0060003,-2.4992,3.2754,3.2807866558322587,5.386655832258835
310.0079979,-2.4992,3.2749,3.280587332250413,5.6873322504129575
320.008004,-2.4992,3.2745,3.280413762405105,5.913762405104883
330.0109974,-2.4992,3.2742,3.280261400922255,6.061400922254823
340.0140009,-2.4992,3.2739,3.2801270696963085,6.227069696308707
350.0120054,-2.4967,3.2735,3.2800391669744435,6.539166974443678
360.0149989,-2.4992,3.273,3.279900948244092,6.900948244092042
370.0040012,-2.4992,3.2727,3.279803111746929,7.103111746928903
380.0030015,-2.4992,3.2723,3.2797144675151304,7.4144675151304185
390.0190003,-2.4967,3.272,3.2796647135934354,7.664713593435568
400.0089984,-2.4992,3.2717,3.279558721316017,7.858721316016837
410.0120019,-2.4992,3.2712,3.279487626019755,8.2876260197553
420.0139995,-2.4992,3.2708,3.2794216523017004,8.621652301700422
430.0129998,-2.4967,3.2705,3.279391219535433,8.891219535432704
440.0029979,-2.4992,3.2701,3.2793010241506626,9.201024150662818
450.0060014,-2.4992,3.2698,3.2792435021391495,9.443502139149462
460.0199986,-2.4992,3.2695,3.279188501243536,9.688501243536152
470.0069993,-2.4992,3.2691,3.2791358426781767,10.03584267817681
480.0100028,-2.4967,3.2686,3.2791162039928583,10.51620399285813
490.0120004,-2.4992,3.2683,3.2790356003430268,10.735600343026785
500.010005,-2.4992,3.2679,3.2789858485737726,11.085848573772594
510.0129984,-2.4992,3.2676,3.278937479292738,11.337479292738095
520.0029965,-2.4967,3.2673,3.278922158624806,11.622158624805756
530.0039984,-2.4992,3.2668,3.278844209473156,12.044209473156098
540.0040045,-2.4992,3.2664,3.2787971998431433,12.397199843143358
550.0080037,-2.4992,3.2661,3.278751149921749,12.651149921749205
560.0109971,-2.4967,3.2656,3.2787369592945073,13.1369592945072
570.0049985,-2.4992,3.2652,3.2786599060309474,13.459906030947266
580.0200015,-2.4992,3.2649,3.278613422336004,13.713422336004033
590.0070022,-2.4967,3.2646,3.2785990047713907,13.999004771390489
600.0110015,-2.4992,3.2641,3.2785214977584016,14.421497758401625
610.003997,-2.4992,3.2637,3.2784740913202053,14.77409132020524
620.0110036,-2.4992,3.2634,3.278426945334561,15.02694533456106
630.0100039,-2.4967,3.2629,3.2784103740324197,15.510374032419616
640.0059968,-2.4992,3.2625,3.278330984141892,15.830984141891769
650.0139992,-2.4967,3.262,3.2783125126917403,16.312512691740277
660.0080005,-2.4992,3.2617,3.278230366832902,16.53036683290221
670.0020018,-2.4992,3.2614,3.2781771554168797,16.77715541687963
680.0080027,-2.4992,3.2609,3.2781228779903624,17.222877990362484
690.0140035,-2.4992,3.2605,3.2780674195315034,17.567419531503425
700.0020001,-2.4967,3.26,3.278041541142593,18.041541142593154
710.0100025,-2.4992,3.2597,3.2779502902006947,18.250290200694685
720.0060054,-2.4992,3.2592,3.277887057814149,18.687057814148922
730.0119962,-2.4992,3.2588,3.2778213086694845,19.021308669484593
740.0140039,-2.4992,3.2583,3.2777529388579345,19.45293885793431
750.0150058,-2.4967,3.2578,3.277712929817917,19.912929817917036
760.0039981,-2.4992,3.2575,3.27760660905732,20.106609057320313
770.0099989,-2.4992,3.257,3.277526079649276,20.526079649275886
780.0159998,-2.4992,3.2566,3.277441916380815,20.841916380814673
790.0159958,-2.4992,3.2561,3.277353401144215,21.253401144214923
800.011003,-2.4992,3.2556,3.2772601364887,21.660136488700132
810.0039984,-2.4992,3.2553,3.2771617189132862,21.861718913286143
820.0070019,-2.4992,3.2548,3.2770579747718527,22.257974771852762
830.0160001,-2.4967,3.2543,3.2769799805702435,22.67998057024334
840.0109972,-2.4967,3.2539,3.276864956007971,22.964956007970994
850.0149965,-2.4992,3.2534,3.2767099819528354,23.30998195283529
860.0050046,-2.4967,3.2531,3.276610332016431,23.510332016431157
870.0210034,-2.4992,3.2526,3.276439692077948,23.839692077948005
880.0069983,-2.4967,3.2521,3.2763231894063605,24.22318940636048
890.0100018,-2.4967,3.2516,3.2761657170308216,24.565717030821776
900.0130053,-2.4992,3.2511,3.2759637836457567,24.863783645756588
910.0170046,-2.4967,3.2507,3.2758124581520986,25.112458152098505
920.0040053,-2.4967,3.2502,3.275617094950557,25.417094950557217
930.0069987,-2.4967,3.2497,3.2754039845720797,25.703984572079897
940.010998,-2.4992,3.2492,3.2751396069219654,25.939606921965286
950.0110041,-2.4992,3.2489,3.274883994604203,25.983994604203087
960.0130017,-2.4992,3.2484,3.274604446668023,26.204446668022907
970.0039956,-2.4967,3.2479,3.2743289657338295,26.428965733829468
980.0080049,-2.4967,3.2473,3.2739894887468424,26.689488746842294
990.0070052,-2.4967,3.2468,3.2736106060107613,26.81060601076135
1000.009999,-2.4992,3.2465,3.2731539603205975,26.653960320597303
1010.013002,-2.4992,3.246,3.2726775576092284,26.67755760922841
1020.012002,-2.4967,3.2455,3.272179364019584,26.679364019584373
1030.002996,-2.4992,3.245,3.2715554824096054,26.555482409605258
1040.006,-2.4967,3.2445,3.270926219366434,26.42621936643419
1050.009999,-2.4992,3.2441,3.270158940321291,26.05894032129097
1060.013002,-2.4992,3.2436,3.2693434583401735,25.743458340173664
1070.024998,-2.4992,3.2431,3.268446681639485,25.346681639484725
1080.002997,-2.4992,3.2428,3.2674701755846973,24.670175584697418
1090.006996,-2.4992,3.2423,3.2664077132203446,24.10771322034444
1100.009999,-2.4992,3.2418,3.2652635998623336,23.463599862333595
1110.025002,-2.4967,3.2414,3.26407399897258,22.673998972579934
1120.012999,-2.4992,3.2409,3.2627496518823653,21.84965188236543
1130.002001,-2.4992,3.2406,3.2613887530350802,20.7887530350801
1140.006,-2.4992,3.2401,3.25997201057764,19.872010577639987
1150.023005,-2.4992,3.2396,3.258510405126943,18.910405126943086
1160.009,-2.4992,3.2392,3.2570238813484464,17.82388134844659
1170.012999,-2.4992,3.2387,3.2555196388780216,16.819638878021514
1180.016003,-2.4992,3.2384,3.254015643933496,15.615643933496237
1190.013001,-2.4992,3.2381,3.2525284566975974,14.42845669759718
1200.005997,-2.4967,3.2376,3.251106041315563,13.506041315562989
1210.009,-2.4992,3.2372,3.2496592004934883,12.459200493488254
1220.012004,-2.4992,3.2369,3.2482950806604536,11.395080660453694
1230.013006,-2.4992,3.2364,3.2469968744626314,10.596874462631245
1240.003004,-2.4992,3.236,3.245771873456018,9.771873456017932
1250.005997,-2.4992,3.2357,3.2446221845338425,8.922184533842525
1260.009001,-2.4992,3.2352,3.2435529651580546,8.352965158054726
1270.012004,-2.4967,3.2348,3.2425983790489923,7.798379048992388
1280.026997,-2.4992,3.2345,3.2416588603116767,7.158860311676563
1290.015004,-2.4992,3.2342,3.240828750049264,6.628750049264109
1300.005002,-2.4992,3.2338,3.240075263207055,6.275263207054849
1310.008005,-2.4967,3.2333,3.239425522230582,6.12552223058227
1320.022998,-2.4992,3.233,3.238778122359163,5.778122359163085
1330.012001,-2.4992,3.2327,3.2382237726476,5.523772647600289
1340.015004,-2.4992,3.2323,3.237726421241977,5.426421241977231
1350.012003,-2.4992,3.232,3.237281503676896,5.281503676895838
1360.006004,-2.4992,3.2316,3.2368837647768403,5.283764776840449
1370.008002,-2.4992,3.2313,3.2365280459772356,5.228045977235585
1380.002999,-2.4992,3.231,3.2362104212144325,5.210421214432603
1390.011001,-2.4992,3.2306,3.2359261445722027,5.326144572202818
1400.008,-2.4992,3.2303,3.2356730878233786,5.37308782337842
1410.009002,-2.4967,3.23,3.235476677321946,5.4766773219459
1420.015998,-2.4992,3.2294,3.2352414845701305,5.841484570130451
1430.009004,-2.4967,3.2291,3.2350894089557074,5.9894089557075425
1440.011002,-2.4967,3.2288,3.23492429175628,6.1242917562798205
1450.010998,-2.4992,3.2284,3.2347425081456014,6.342508145601222
1460.019996,-2.4992,3.2281,3.234604115462003,6.504115462003135
1470.012006,-2.4992,3.2278,3.2344789408193346,6.678940819334844
1480.012998,-2.4992,3.2274,3.234364272911947,6.9642729119472335
1490.013004,-2.4992,3.2271,3.2342595781391332,7.159578139133149
1500.015001,-2.4967,3.2267,3.2341923999034714,7.492399903471281
1510.007997,-2.4992,3.2264,3.2340715660613126,7.671566061312696
1520.015003,-2.4967,3.2261,3.23401731193052,7.917311930519588
1530.015,-2.4992,3.2257,3.2339067061942877,8.206706194287872
1540.016001,-2.4992,3.2254,3.2338297183552562,8.429718355256188
1550.020001,-2.4992,3.2251,3.233757123647192,8.657123647191955
1560.009003,-2.4992,3.2247,3.2336879699494023,8.98796994940243
1570.011001,-2.4992,3.2244,3.2336214477371725,9.221447737172372
1580.005002,-2.4992,3.224,3.2335572247847355,9.557224784735308
1590.002996,-2.4992,3.2237,3.2334948337113247,9.794833711324724
1600.010999,-2.4992,3.2234,3.23343391312804,10.03391312804025
1610.014002,-2.4992,3.223,3.2333748374100773,10.374837410077387
1620.028,-2.4967,3.2227,3.233347690238873,10.647690238872798
1630.015996,-2.4992,3.2222,3.2332590363901392,11.059036390139276
1640.002997,-2.4992,3.2218,3.2332006914004845,11.400691400484497
1650.017004,-2.4992,3.2215,3.2331432032228213,11.64320322282153
1660.005001,-2.4992,3.2212,3.2330863230121136,11.886323012113564
1670.006998,-2.4967,3.2208,3.233060580412351,12.260580412351008
1680.014005,-2.4992,3.2205,3.232973139705108,12.473139705107883
1690.002997,-2.4967,3.2202,3.2329468808434645,12.746880843464314
1700.008998,-2.4992,3.2198,3.232857402103841,13.057402103840765
1710.014999,-2.4992,3.2195,3.232798271176637,13.298271176636955
1720.008004,-2.4967,3.2191,3.2327700102904755,13.670010290475432
1730.008996,-2.4992,3.2186,3.2326788985615273,14.078898561527442
1740.012995,-2.4992,3.2183,3.232617245290392,14.31724529039169
1750.015003,-2.4967,3.218,3.2325859046969976,14.58590469699761
1760.005997,-2.4992,3.2176,3.232491898394802,14.891898394802094
1770.009001,-2.4992,3.2173,3.2324257238542278,15.125723854227946
1780.010002,-2.4992,3.2168,3.2323591521751665,15.559152175166346
1790.012,-2.4967,3.2164,3.2323223821216507,15.922382121650536
1800.015004,-2.4992,3.2161,3.2322216742875076,16.12167428750766
1810.005997,-2.4967,3.2158,3.2321810590516273,16.381059051627123
1820.009001,-2.4992,3.2154,3.232076221239376,16.676221239376066
1830.010003,-2.4992,3.2149,3.2319997311964577,17.09973119645758
1840.014002,-2.4967,3.2146,3.2319526122061095,17.35261220610962
1850.003004,-2.4967,3.2142,3.231872702027587,17.672702027586862
1860.007004,-2.4992,3.2137,3.2317577963016486,18.057796301648832
1870.009001,-2.4992,3.2134,3.231669998762474,18.26999876247415
1880.010003,-2.4992,3.2131,3.231580570515906,18.480570515906347
1890.014002,-2.4967,3.2126,3.2315193684516412,18.919368451641105
1900.004996,-2.4992,3.2122,3.2313922646453674,19.192264645367274
1910.019004,-2.4992,3.2117,3.2312915488605922,19.591548860592223
1920.007996,-2.4967,3.2114,3.2312193967389757,19.819396738975925
1930.010999,-2.4992,3.211,3.2310811569750757,20.081156975075842
1940.014003,-2.4992,3.2105,3.230968165369526,20.46816536952578
1950.004001,-2.4992,3.2102,3.230851523980857,20.6515239808569
1960.003997,-2.4967,3.2097,3.230762281339364,21.062281339363942
1970.007996,-2.4992,3.2094,3.2306049991285746,21.204999128574542
1980.011995,-2.4992,3.2088,3.2304720779712324,21.672077971232273
1990.014999,-2.4967,3.2085,3.2303661873079106,21.86618730791068
2000.020004,-2.4967,3.208,3.230223119754303,22.2231197543028
2010.007005,-2.4992,3.2075,3.2300413296008976,22.54132960089761
2020.009002,-2.4992,3.2072,3.229882811817005,22.682811817005266
2030.013002,-2.4992,3.2066,3.229718018107946,23.118018107946003
2040.012998,-2.4967,3.2061,3.229577071243451,23.477071243450887
2050.002996,-2.4992,3.2058,3.2293658142504063,23.56581425040627
2060.007005,-2.4992,3.2053,3.2291746578515688,23.874657851568948
2070.009999,-2.4992,3.2048,3.2289749036942568,24.174903694256678
2080.024006,-2.4992,3.2043,3.2287656539052736,24.465653905273665
2090.014004,-2.4967,3.2039,3.2285771333591153,24.677133359115366
2100.002996,-2.4992,3.2034,3.2283152433696825,24.91524336968265
2110.006,-2.4992,3.2029,3.2280702438025544,25.170243802554282
2120.021003,-2.4992,3.2024,3.2278123317220695,25.41233172206958
2130.008999,-2.4992,3.2019,3.2275413943288602,25.641394328860034
2140.012998,-2.4992,3.2014,3.227255243259378,25.855243259377936
2150.002997,-2.4992,3.2009,3.2269537098195435,26.05370981954369
2160.020001,-2.4992,3.2004,3.2266344874037105,26.23448740371037
2170.005,-2.4992,3.2001,3.2262983970351518,26.19839703515181
2180.009,-2.4992,3.1996,3.225942643074472,26.342643074471983
2190.012999,-2.4992,3.199,3.225566689875793,26.566689875793248
2200.004003,-2.4992,3.1984,3.2251706612396682,26.770661239668314
2210.003999,-2.4967,3.1979,3.224782859717897,26.882859717896945
2220.007998,-2.4992,3.1974,3.224308944125099,26.908944125099143
2230.009996,-2.4992,3.1969,3.2238387366342893,26.938736634289473
2240.022997,-2.4992,3.1963,3.2233424762425504,27.042476242550517
2250.014001,-2.4992,3.1957,3.2228196526980235,27.119652698023522
2260.010004,-2.4992,3.1952,3.2222676449230296,27.06764492302982
2270.012997,-2.4967,3.1947,3.2217177860005677,27.01778600056759
2280.011998,-2.4992,3.194,3.2210732794306525,27.07327943065252
2290.007005,-2.4992,3.1935,3.2204245371963625,26.924537196362675
2300.016003,-2.4992,3.1928,3.2197414452321125,26.941445232112393
2310.024005,-2.4992,3.1921,3.2190238582140194,26.923858214019436
2320.014999,-2.4967,3.1916,3.2183028783244856,26.70287832448537
2330.016001,-2.4967,3.1909,3.2175137188589344,26.613718858934376
2340.015997,-2.4992,3.1903,3.2166500529164908,26.35005291649062
2350.002998,-2.4992,3.1896,3.215777885314245,26.17788531424514
2360.013998,-2.4992,3.1891,3.2148637236826247,25.763723682624917
2370.003996,-2.4992,3.1884,3.213910284640508,25.510284640507752
2380.004002,-2.4992,3.1876,3.212913914502552,25.313914502551604
2390.005004,-2.4992,3.1869,3.2118749417245103,24.974941724510202
2400.017,-2.4992,3.1862,3.2107919758519285,24.591975851928627
2410.004,-2.4992,3.1855,3.209668948712184,24.16894871218389
2420.003996,-2.4992,3.1849,3.208501893878129,23.601893878129054
2430.016998,-2.4967,3.184,3.2073253460572895,23.32534605728931
2440.015998,-2.4992,3.1833,3.2060448002452797,22.744800245279695
2450.016004,-2.4967,3.1825,3.204786335070104,22.286335070103913
2460.016,-2.4992,3.1817,3.2034249034374187,21.724903437418508
2470.015996,-2.4992,3.181,3.202053279572039,21.053279572039063
2480.023003,-2.4992,3.1801,3.2006460610395773,20.546061039577346
2490.005005,-2.4992,3.1793,3.1992084668151217,19.908466815121706
2500.005997,-2.4992,3.1784,3.197736312514967,19.336312514967258
2510.022005,-2.4992,3.1776,3.1962324909113575,18.632490911357547
2520.012003,-2.4992,3.1768,3.194706513114666,17.906513114665845
2530.011004,-2.4967,3.1757,3.193190569971054,17.490569971053915
2540.010004,-2.4992,3.1749,3.1915883243582543,16.68832435825429
2550.022,-2.4992,3.1739,3.1899950518019424,16.09505180194226
2560.009,-2.4992,3.173,3.188393810960409,15.393810960409038
2570.010998,-2.4992,3.172,3.1867813907338927,14.781390733892508
2580.013006,-2.4967,3.171,3.185198593879724,14.198593879723997
2590.003004,-2.4992,3.17,3.1835483979971815,13.54839799718155
2600.012998,-2.4992,3.169,3.181925781514563,12.925781514562917
2610.014,-2.4967,3.168,3.1803470212811864,12.347021281186255
2620.015002,-2.4992,3.167,3.178710964381048,11.710964381048239
2630.026997,-2.4992,3.166,3.1771153889856545,11.115388985654562
2640.013998,-2.4967,3.1649,3.175576115608777,10.676115608777348
2650.014004,-2.4992,3.1638,3.173988646185021,10.188646185020911
2660.014996,-2.4992,3.1626,3.172451873641171,9.851873641171238
2670.013,-2.4967,3.1616,3.1709780540441974,9.378054044197448
2680.014002,-2.4992,3.1604,3.1694654014302963,9.065401430296216
2690.015004,-2.4992,3.1592,3.168011554457529,8.811554457529347
2700.022997,-2.4992,3.158,3.1665906508529504,8.590650852950521
2710.009997,-2.4967,3.1567,3.16524085025397,8.540850253970333
2720.003003,-2.4992,3.1555,3.163859828531794,8.359828531793845
2730.007998,-2.4992,3.1543,3.16254171925911,8.241719259109992
2740.004997,-2.4992,3.1529,3.1612623182424153,8.362318242415512
2750.005003,-2.4992,3.1516,3.1600196514600287,8.419651460028543
2760.009002,-2.4992,3.1502,3.1588133956808684,8.613395680868496
2770.011,-2.4992,3.1489,3.15764382531814,8.743825318139997
2780.021999,-2.4992,3.1475,3.156508952323508,9.00895232350818
2790.013003,-2.4992,3.146,3.155411243172843,9.411243172843253
2800.003001,-2.4967,3.1447,3.1543798948847757,9.67989488477583
2810.006005,-2.4992,3.1432,3.1533161476515077,10.116147651507479
2820.015999,-2.4992,3.1416,3.1523084786053808,10.708478605380822
2830.007999,-2.4992,3.1401,3.151331216794538,11.231216794538312
2840.009996,-2.4992,3.1384,3.150377695971302,11.977695971302271
2850.012004,-2.4992,3.1369,3.1494456960564685,12.545696056468714
2860.002002,-2.4992,3.1352,3.148533109716056,13.333109716055613
2870.015003,-2.4967,3.1335,3.1476654854433104,14.1654854433102
2880.003,-2.4992,3.1318,3.146747210921558,14.947210921557819
2890.006003,-2.4992,3.1302,3.145861351181945,15.661351181945005
2900.012004,-2.4967,3.1283,3.1450091773892925,16.709177389292673
2910.009999,-2.4967,3.1264,3.1441222873219026,17.72228732190273
2920.013002,-2.4992,3.1246,3.14318694199295,18.586941992949857
2930.015,-2.4992,3.1227,3.1422630102421016,19.56301024210161
2940.004998,-2.4967,3.1209,3.141348188493156,20.448188493156216
2950.006996,-2.4967,3.1188,3.140367288776564,21.56728877656411
2960.007002,-2.4967,3.1168,3.1393389779268355,22.538977926835457
2970.010005,-2.4992,3.1148,3.1382219045184616,23.421904518461822
2980.010001,-2.4992,3.1126,3.137066794248319,24.46679424831899
2990.011999,-2.4992,3.1106,3.135833216493173,25.233216493173227
3000.015002,-2.4992,3.1084,3.1345056702069622,26.105670206962195
3010.004005,-2.4992,3.106,3.1330709924298223,27.07099242982247
3020.001999,-2.4992,3.1038,3.131508770567786,27.70877056778609
3030.005003,-2.4992,3.1014,3.1298009356380883,28.40093563808832
3040.009002,-2.4992,3.0991,3.1279281814721123,28.828181472112302
3050.012005,-2.4992,3.0967,3.1258695665589227,29.169566558922888
3060.014003,-2.4992,3.0944,3.1236026294534196,29.20262945341978
3070.016001,-2.4992,3.092,3.1211035337557615,29.103533755761468
3080.015997,-2.4992,3.0893,3.118348551646179,29.04855164617892
3090.004999,-2.4992,3.0868,3.1153160847578127,28.516084757812532
3100.008003,-2.4992,3.084,3.1119740740412083,27.97407404120822
3110.023006,-2.4992,3.0813,3.108298580975255,26.99858097525487
3120.009996,-2.4992,3.0785,3.104284123030075,25.784123030074824
3130.013,-2.4967,3.0756,3.099936961277214,24.336961277213742
3140.016003,-2.4992,3.0724,3.0951349126162326,22.734912616232617
3150.020998,-2.4992,3.0692,3.0899625276309077,20.7625276309078
3160.003996,-2.4992,3.066,3.0844097879778327,18.40978797783288
3170.006004,-2.4992,3.0624,3.078455431404374,16.055431404374154
3180.008997,-2.4992,3.0587,3.0721193991962625,13.41939919626256
3190.011005,-2.4992,3.0548,3.0654244061734386,10.624406173438405
3200.011001,-2.4992,3.0508,3.0583995560979313,7.5995560979311705
3210.012998,-2.4992,3.0466,3.051079599610796,4.4795996107955816
3220.002996,-2.4967,3.0422,3.0435668710338213,1.3668710338214929
3230.008997,-2.4967,3.0376,3.0358096473710656,-1.790352628934233
3240.002999,-2.4992,3.0327,3.0278466451924646,-4.85335480753557
3250.006002,-2.4992,3.0275,3.019799492672297,-7.700507327702777
3260.008996,-2.4967,3.0219,3.011758984106187,-10.141015893812888
3270.009997,-2.4992,3.0162,3.0036222792902136,-12.577720709786355
3280.010004,-2.4992,3.0103,2.9955331374605554,-14.766862539444592
3290.014003,-2.4992,3.0038,2.9874980117327863,-16.30198826721374
3300.011001,-2.4992,2.9971,2.9795376038471555,-17.562396152844606
3310.007004,-2.4992,2.99,2.9716529463375934,-18.347053662406854
3320.011999,-2.4992,2.9826,2.9638329669934556,-18.767033006544587
3330.010004,-2.4967,2.9748,2.956121676360254,-18.678323639746086
3340.017996,-2.4992,2.9665,2.9483493827793823,-18.150617220617615
3350.008004,-2.4992,2.9577,2.9406075842556034,-17.092415744396572
3360.008001,-2.4992,2.9486,2.9328119099486627,-15.78809005133719
3370.009002,-2.4992,2.9388,2.9249138934957775,-13.886106504222617
3380.008003,-2.4992,2.9285,2.9168575356929227,-11.642464307077383
3390.007003,-2.4992,2.9175,2.9085765838046354,-8.92341619536463
3400.006999,-2.4967,2.9057,2.9000558977560402,-5.6441022439597255
3410.008997,-2.4992,2.8932,2.8910767331180423,-2.1232668819579636
3420.009003,-2.4992,2.8799,2.881669671719484,1.769671719483945
3430.001998,-2.4992,2.8657,2.8717386459343834,6.038645934383524
3440.007999,-2.4992,2.8505,2.861169686955119,10.669686955119051
3450.009001,-2.4967,2.8345,2.8499401601698997,15.440160169899908
3460.005004,-2.4992,2.8172,2.837799060222826,20.59906022282565
3470.012001,-2.4992,2.799,2.824720250763218,25.720250763217933
3480.013998,-2.4992,2.7797,2.8105977083530513,30.89770835305128
3490.005002,-2.4992,2.7593,2.795308320288705,36.00832028870471
3500.011003,-2.4992,2.7375,2.778673699194043,41.17369919404324
3510.003998,-2.4992,2.7147,2.7605918457560734,45.8918457560733
3520.009999,-2.4992,2.6904,2.7408552242976643,50.45522429766436
3530.016,-2.4992,2.6646,2.7193121621094134,54.71216210941332
3540.007004,-2.4992,2.6371,2.6958102012960663,58.710201296066074
3550.013005,-2.4992,2.6073,2.670075909493734,62.775909493733906
3560.006,-2.4967,2.5754,2.642060226683099,66.66022668309867
3570.024997,-2.4992,2.5408,2.611167865685504,70.36786568550424
3580.001999,-2.4967,2.503,2.5776033974359773,74.60339743597721
3580.758996,-2.4967,2.4999,2.574932281341228,75.0322813412283
3580.772997,0.0,2.5013,2.6065634563737734,105.26345637377332
3590.782005,0.0,2.6343,2.714692783292929,80.39278329292898
3600.789998,0.0,2.6941,2.744080067927071,49.98006792707077
3610.781002,0.0,2.7338,2.7613900166894894,27.59001668948935
3620.789004,0.0,2.7622,2.773243578021438,11.043578021438183
3630.784997,0.0,2.7836,2.7819392887797356,-1.6607112202642327
3640.792004,0.0,2.8003,2.788611169788054,-11.688830211946222
3650.784003,0.0,2.8139,2.7938629661030436,-20.037033896956213
3660.791996,0.0,2.8248,2.798091591127981,-26.708408872019085
3670.787003,0.0,2.8341,2.8015350644386166,-32.564935561383294
3680.803997,0.0,2.8421,2.804377931168453,-37.72206883154672
3690.787005,0.0,2.8488,2.8067302403016248,-42.06975969837545
3700.780996,0.0,2.8547,2.808697128486995,-46.002871513004976
3710.790005,0.0,2.86,2.810349386682441,-49.65061331755871
3720.785002,0.0,2.8647,2.811738234535597,-52.96176546440323
3730.789001,0.0,2.8687,2.8129115552132964,-55.788444786703636
3740.783998,0.0,2.8726,2.813902893398375,-58.69710660162486
3750.792,0.0,2.876,2.8147436076016277,-61.25639239837221
3760.786002,0.0,2.8792,2.8154555984418645,-63.744401558135436
3770.792998,0.0,2.8821,2.8160608262222233,-66.03917377777657
3780.791003,0.0,2.8848,2.816574589866697,-68.22541013330286
3790.790999,0.0,2.8871,2.8170115224745746,-70.08847752542557
3800.791005,0.0,2.8895,2.8173831911397045,-72.11680886029548
3810.784996,0.0,2.8917,2.8176993532799024,-74.00064672009776
3820.788995,0.0,2.8937,2.8179688196497485,-75.73118035025139
3830.789002,0.0,2.8956,2.8181982145516877,-77.40178544831222
3840.790003,0.0,2.8973,2.8183936401693117,-78.90635983068827
3850.797,0.0,2.899,2.818560232802886,-80.43976719711398
3860.784997,0.0,2.9007,2.81870193183998,-81.99806816001987
3870.785003,0.0,2.9022,2.8188228580308112,-83.37714196918888
3880.782001,0.0,2.9035,2.8189259085056304,-84.57409149436978
3880.794997,0.0,2.9035,2.8189260320629863,-84.57396793701389
