left_source_row,start_s,end_s,duration_s,method,I_left_A,I_right_A,I_average_from_Ah_A,target_delta_Ah,reconstructed_delta_Ah,counter_timing_uncertainty_s
387,38.4220004081726,48.4400007873774,10.0180003792048,sparse_transition_charge_constrained_switch,0.0,0.7472,0.7187063014037853,0.002,0.0020000000000000005,0.4817987152034262
721,104.616994410753,113.701998442411,9.085004031658002,sparse_transition_charge_constrained_switch,0.0,-0.7498,-0.7528890439855653,-0.0019,-0.0018912583485904738,0.48012803414243804
722,113.701998442411,114.714002609253,1.0120041668420043,sparse_transition_charge_constrained_switch,-0.7498,0.0,0.0,0.0,-1.053889894869842e-07,0.48012803414243804
1231,743.771000951529,753.784002363682,10.013001412153017,sparse_transition_charge_constrained_switch,0.0,0.7472,0.755018369499503,0.0020999999999999977,0.0020772162931002045,0.4817987152034262
1556,942.010993883014,945.879993215203,3.8689993321889915,sparse_transition_charge_constrained_switch,0.0,-0.7472,-0.7443785208333344,-0.0008,-0.0007999999999999979,0.4817987152034262
1557,945.879993215203,946.898997947574,1.0190047323710587,sparse_transition_charge_constrained_switch,-0.7472,0.0,0.0,0.0,-1.0575004667043685e-07,0.4817987152034262
2066,1575.96999742091,1585.97899563611,10.008998215200108,sparse_transition_charge_constrained_switch,0.0,0.7472,0.755320346497721,0.0021000000000000046,0.002076385407332622,0.4817987152034262
2503,1950.89599639177,1960.9119951725,10.015998780729888,sparse_transition_charge_constrained_switch,0.0,-0.7498,-0.7547924241509428,-0.0021,-0.002085068579386441,0.48012803414243804
2505,1969.32299360633,1970.3410025686,1.0180089622699597,sparse_transition_charge_constrained_switch,-0.7472,0.0,0.0,0.0,-1.0564670784373851e-07,0.4817987152034262
3014,2599.41799677908,2609.43199396133,10.013997182250023,sparse_transition_charge_constrained_switch,0.0,0.7472,0.7549432921151848,0.0021000000000000046,0.002077422970715871,0.4817987152034262
3468,3140.90799875557,3159.75599549711,18.847996741539646,sparse_transition_charge_constrained_switch,0.0,-0.7498,-0.744906750172385,-0.0039,-0.0039000000000000245,0.48012803414243804
3469,3159.75599549711,3160.76899543405,1.0129999369401048,sparse_transition_charge_constrained_switch,-0.7498,0.0,0.0,0.0,-1.0549268791515312e-07,0.48012803414243804
3575,3749.79499988258,3759.80699546635,10.01199558376993,sparse_transition_charge_constrained_switch,0.0,-0.7498,-0.7550942204024971,-0.0021,-0.0020842348024196146,0.48012803414243804
3636,4350.4169985652,4360.4349989444,10.018000379200203,sparse_transition_charge_constrained_switch,-0.7472,0.0,0.0,0.0,-1.0377777778004303e-06,0.4817987152034262
4220,6190.50699770451,6200.52699968219,10.020001977680295,sparse_transition_charge_constrained_switch,0.0,0.7472,0.7544908690477388,0.0021000000000000185,0.0020786692993673985,0.4817987152034262
4627,6264.46499526501,6274.48900043964,10.024005174630474,sparse_transition_charge_constrained_switch,0.0,-0.7498,-0.7541895548032485,-0.0021000000000000046,-0.0020867361333160687,0.48012803414243804
4631,6297.80200012028,6298.8170016557,1.0150015354192874,sparse_transition_charge_constrained_switch,-0.7472,0.0,0.0,0.0,-1.0533460374871436e-07,0.4817987152034262
5140,6927.92699709535,6937.9390027374,10.012005642050099,sparse_transition_charge_constrained_switch,0.0,0.7472,0.7550934618183106,0.0021000000000000185,0.0020770096154832645,0.4817987152034262
5560,7135.23600138724,7145.24099640548,10.004995018239242,sparse_transition_charge_constrained_switch,0.0,-0.7498,-0.7556225651505106,-0.0021000000000000046,-0.002082776740187695,0.48012803414243804
5567,7202.57499441504,7203.58999595046,1.0150015354201969,sparse_transition_charge_constrained_switch,-0.7498,0.0,0.0,0.0,-1.0570113208081644e-07,0.48012803414243804
6076,7832.66299702227,7842.67699420452,10.013997182250023,sparse_transition_charge_constrained_switch,0.0,0.7472,0.7549432921151897,0.0021000000000000185,0.002077422970715871,0.4817987152034262
6513,8207.56600275636,8217.58599467576,10.019991919398308,sparse_transition_charge_constrained_switch,0.0,-0.7498,-0.7544916264217894,-0.0021000000000000046,-0.0020859002614348476,0.48012803414243804
6527,8341.01199992001,8342.01799929142,1.0059993714094162,sparse_transition_charge_constrained_switch,-0.7498,0.0,0.0,0.0,-1.047636569130393e-07,0.48012803414243804
7036,8971.0949935019,8981.10400177538,10.009008273480504,sparse_transition_charge_constrained_switch,0.0,0.7472,0.7193519880562752,0.001999999999999974,0.001999999999999983,0.4817987152034262
7490,9513.30299600959,9693.44799555838,180.1449995487892,long_gap_charge_constrained_plateau,0.0,-0.7498,-0.7493963215084278,-0.037500000000000006,-0.037499999999999985,0.48012803414243804
7491,9693.44799555838,9694.46400292218,1.016007363799872,sparse_transition_charge_constrained_switch,-0.7498,0.0,0.0,0.0,-1.0580587812021098e-07,0.48012803414243804
7597,10283.4849983454,10293.495002389,10.01000404359911,sparse_transition_charge_constrained_switch,0.0,-0.7498,-0.7552444501592588,-0.0020999999999999908,-0.0020838200088586704,0.48012803414243804
7658,10884.2159986496,10894.2219994962,10.006000846598909,sparse_transition_charge_constrained_switch,-0.7498,0.0,0.0,0.0,-1.0413888887221928e-06,0.48012803414243804
8242,12724.2980014533,12734.309001267,10.010999813699527,sparse_transition_charge_constrained_switch,0.0,0.7472,0.7551693278082479,0.0020999999999999908,0.002076800850221357,0.4817987152034262
8649,12798.1659974903,12808.1869952381,10.02099774780072,sparse_transition_charge_constrained_switch,0.0,-0.7498,-0.7544158965267843,-0.0020999999999999908,-0.002086109753139328,0.48012803414243804
8653,12831.4189955592,12832.4369944632,1.0179989040007058,sparse_transition_charge_constrained_switch,-0.7498,0.0,0.0,0.0,-1.0601327475160361e-07,0.48012803414243804
9162,13461.5300014615,13471.5550024062,10.025000944699059,sparse_transition_charge_constrained_switch,0.0,0.7472,0.7541146421534737,0.0020999999999999908,0.0020797068627443705,0.4817987152034262
9582,13668.7140014023,13678.720998019,10.006996616699325,sparse_transition_charge_constrained_switch,0.0,-0.7498,-0.7554714256007845,-0.0021000000000000185,-0.002083193628667154,0.48012803414243804
9589,13736.0320027918,13737.0419953018,1.009992510000302,sparse_transition_charge_constrained_switch,-0.7498,0.0,0.0,0.0,-1.0517949771009526e-07,0.48012803414243804
10098,14366.1319948733,14376.1510010809,10.019006207599887,sparse_transition_charge_constrained_switch,0.0,0.7472,0.7186341490175411,0.0020000000000000018,0.001999999999999983,0.4817987152034262
10535,14744.202997908,14754.2119961232,10.008998215200336,sparse_transition_charge_constrained_switch,0.0,-0.7498,-0.7553203464976989,-0.0020999999999999908,-0.002083610517154948,0.48012803414243804
10549,14877.6459977031,14878.6729987711,1.027001067999663,sparse_transition_charge_constrained_switch,-0.7472,0.0,0.0,0.0,-1.0657988861203194e-07,0.4817987152034262
11058,15507.7670015395,15517.7819944918,10.014992952299508,sparse_transition_charge_constrained_switch,0.0,0.7472,0.75486822966402,0.0020999999999999908,0.0020776296483218863,0.4817987152034262
11512,16055.3269967437,16246.0050009191,190.6780041753991,long_gap_charge_constrained_plateau,0.0,-0.7472,-0.7495358503361097,-0.03970000000000001,-0.039699999999999985,0.4817987152034262
11513,16246.0050009191,16247.0219939947,1.0169930756001122,sparse_transition_charge_constrained_switch,-0.7472,0.0,0.0,0.0,-1.0554128140211106e-07,0.4817987152034262
11619,16836.0470026731,16846.0630014539,10.015998780796508,sparse_transition_charge_constrained_switch,0.0,-0.7498,-0.7547924241459191,-0.0020999999999999908,-0.002085068579400127,0.48012803414243804
11740,18037.4669998884,18047.4739965051,10.006996616702963,sparse_transition_charge_constrained_switch,-0.7498,0.0,0.0,0.0,-1.0413888891010478e-06,0.48012803414243804
12324,19877.5540016592,19887.5659972429,10.0119955836999,sparse_transition_charge_constrained_switch,0.0,0.7472,0.7550942204077755,0.0020999999999999908,0.002077007527816612,0.4817987152034262
12731,19951.4190003276,19961.4349991083,10.015998780698283,sparse_transition_charge_constrained_switch,0.0,-0.7472,-0.7188499277650716,-0.0020000000000000018,-0.0020000000000003604,0.4817987152034262
12735,19984.7819957882,19985.7969973236,1.0150015354010975,sparse_transition_charge_constrained_switch,-0.7472,0.0,0.0,0.0,-1.0533460393748504e-07,0.4817987152034262
13244,20614.8889984936,20624.9069988728,10.018000379201112,sparse_transition_charge_constrained_switch,0.0,0.7472,0.7187063014040505,0.0020000000000000018,0.0020000000000003604,0.4817987152034262
13664,20823.6619960517,20833.6729958653,10.01099981360312,sparse_transition_charge_constrained_switch,0.0,-0.7498,-0.7551693278155401,-0.0021000000000000463,-0.0020840274056219046,0.48012803414243804
13671,20890.4669947922,20891.4839979261,1.017003133900289,sparse_transition_charge_constrained_switch,-0.7472,0.0,0.0,0.0,-1.0554232492641959e-07,0.4817987152034262
14180,21520.5400004983,21530.5499944836,10.009993985302572,sparse_transition_charge_constrained_switch,0.0,0.7472,0.7192811514743754,0.0020000000000000018,0.0020000000000003604,0.4817987152034262
14617,21898.5999997705,21908.6139969528,10.013997182300955,sparse_transition_charge_constrained_switch,0.0,-0.7498,-0.7189936115346135,-0.0020000000000000018,-0.0019999999999998374,0.48012803414243804
14631,22031.9419942796,22032.9589974135,1.017003133900289,sparse_transition_charge_constrained_switch,-0.7498,0.0,0.0,0.0,-1.059095760570522e-07,0.48012803414243804
15140,22662.0340000838,22672.0400009304,10.006000846598909,sparse_transition_charge_constrained_switch,0.0,0.7472,0.7555466080706609,0.0020999999999999908,0.0020757632868272065,0.4817987152034262
15594,23203.6039955914,23399.354000017,195.75000442560122,long_gap_charge_constrained_plateau,0.0,-0.7498,-0.7485057302038935,-0.040700000000000014,-0.04070000000000017,0.48012803414243804
15595,23399.354000017,23400.371998921,1.0179989040007058,sparse_transition_charge_constrained_switch,-0.7498,0.0,0.0,0.0,-1.0601327475160361e-07,0.48012803414243804
15701,23989.391002804,23999.4009967893,10.009993985298934,sparse_transition_charge_constrained_switch,0.0,-0.7472,-0.7552452090483647,-0.0020999999999999908,-0.002076592084948501,0.4817987152034262
15822,25190.9139968455,25200.9229950607,10.008998215202155,sparse_transition_charge_constrained_switch,-0.7498,0.0,0.0,0.0,-1.0413888891010478e-06,0.48012803414243804
16406,27030.981002748,27040.9900009632,10.008998215198517,sparse_transition_charge_constrained_switch,0.0,0.7472,0.7193527109503239,0.0020000000000000018,0.0020000000000003604,0.4817987152034262
16813,27104.9600020051,27114.9749949574,10.014992952299508,sparse_transition_charge_constrained_switch,0.0,-0.7498,-0.75486822966402,-0.0020999999999999908,-0.0020848590876759465,0.48012803414243804
16817,27138.4340006858,27139.4509937614,1.0169930755982932,sparse_transition_charge_constrained_switch,-0.7472,0.0,0.0,0.0,-1.0554128140211106e-07,0.4817987152034262
17326,27768.5150027275,27778.5279940814,10.012991353898542,sparse_transition_charge_constrained_switch,0.0,0.7472,0.719065836124656,0.0020000000000000018,0.0020000000000003604,0.4817987152034262
17746,27976.0309964418,27986.0389988869,10.0080024450981,sparse_transition_charge_constrained_switch,0.0,-0.7498,-0.7553954988992674,-0.0020999999999999908,-0.0020834031203704976,0.48012803414243804
17753,28042.9069966078,28043.9210023731,1.0140057653006807,sparse_transition_charge_constrained_switch,-0.7472,0.0,0.0,0.0,-1.0523126482763068e-07,0.4817987152034262
18262,28673.0009939522,28683.0290023237,10.028008371500619,sparse_transition_charge_constrained_switch,0.0,0.7472,0.7179890296524133,0.0020000000000000018,0.0020000000000003604,0.4817987152034262
18699,29050.5670007318,29060.5749931186,10.007992386799742,sparse_transition_charge_constrained_switch,0.0,-0.7498,-0.7553962580918618,-0.002100000000000102,-0.0020834010254504676,0.48012803414243804
18713,29184.2129968107,29185.2239951491,1.0109983383990766,sparse_transition_charge_constrained_switch,-0.7472,0.0,0.0,0.0,-1.0491916120453323e-07,0.4817987152034262
19222,29814.2969962209,29824.3149966002,10.018000379299338,sparse_transition_charge_constrained_switch,0.0,0.7472,0.7546416164668498,0.0020999999999999908,0.002078253856503251,0.4817987152034262
19676,30356.8180024624,30572.4349983037,215.61699584129747,long_gap_charge_constrained_plateau,0.0,-0.7498,-0.7496626106365638,-0.04490000000000005,-0.044900000000000224,0.48012803414243804
19677,30572.4349983037,30573.4520014375,1.0170031338020635,sparse_transition_charge_constrained_switch,-0.7498,0.0,0.0,0.0,-1.059095760570522e-07,0.48012803414243804
19783,31162.4569941312,31172.4780019373,10.021007806099078,sparse_transition_charge_constrained_switch,0.0,-0.7472,-0.7544151393035269,-0.0020999999999999908,-0.002078878064643464,0.4817987152034262
19904,32363.975995034,32373.9869948477,10.010999813697708,sparse_transition_charge_constrained_switch,-0.7498,0.0,0.0,0.0,-1.0413888891010478e-06,0.48012803414243804
20488,34204.0419951081,34214.0519991517,10.01000404360093,sparse_transition_charge_constrained_switch,0.0,0.7472,0.7192804287229767,0.0020000000000000018,0.0019999999999996054,0.4817987152034262
20895,34278.0430018902,34288.0449995399,10.001997649706027,sparse_transition_charge_constrained_switch,0.0,-0.7498,-0.7558490078451644,-0.0020999999999999908,-0.0020821524549309843,0.48012803414243804
20899,34311.3849956542,34312.4099951237,1.0249994694968336,sparse_transition_charge_constrained_switch,-0.7472,0.0,0.0,0.0,-1.0637216686801467e-07,0.4817987152034262
21408,34941.4510007948,34951.4620006084,10.01099981360312,sparse_transition_charge_constrained_switch,0.0,0.7472,0.7192088836338325,0.0020000000000000018,0.0019999999999996054,0.4817987152034262
21828,35148.8639976829,35158.8769990951,10.0130014121969,sparse_transition_charge_constrained_switch,0.0,-0.7498,-0.7550183694961916,-0.0020999999999999908,-0.002084444294129778,0.48012803414243804
21835,35215.6419999897,35216.6629962623,1.0209962726003141,sparse_transition_charge_constrained_switch,-0.7498,0.0,0.0,0.0,-1.0632541799067339e-07,0.48012803414243804
22344,35845.7359973341,35855.7489987463,10.0130014121969,sparse_transition_charge_constrained_switch,0.0,0.7472,0.7190651138059005,0.0020000000000000018,0.0019999999999996054,0.4817987152034262
22781,36223.1189936399,36233.1359982491,10.017004609195283,sparse_transition_charge_constrained_switch,0.0,-0.7498,-0.7547166338588018,-0.0020999999999999908,-0.0020852780711046077,0.48012803414243804
22795,36356.3689950854,36357.3879998177,1.019004732297617,sparse_transition_charge_constrained_switch,-0.7472,0.0,0.0,0.0,-1.0575004667043685e-07,0.4817987152034262
23304,36986.4469997585,36996.4629985392,10.015998780705559,sparse_transition_charge_constrained_switch,0.0,0.7472,0.7547924241527729,0.0020999999999999908,0.0020778384135958753,0.4817987152034262
23758,37528.4399963915,37773.6889980733,245.24900168180466,long_gap_charge_constrained_plateau,0.0,-0.7498,-0.7486269005824935,-0.051000000000000045,-0.05099999999999984,0.48012803414243804
23759,37773.6889980733,37774.7130017728,1.0240036994946422,sparse_transition_charge_constrained_switch,-0.7498,0.0,0.0,0.0,-1.066386068697385e-07,0.48012803414243804
23865,38363.7349929661,38373.7529933453,10.018000379197474,sparse_transition_charge_constrained_switch,0.0,-0.7498,-0.7546416164745231,-0.0020999999999999908,-0.002085485467867842,0.48012803414243804
23986,39565.3520017862,39575.3709979355,10.018996149294253,sparse_transition_charge_constrained_switch,-0.7498,0.0,0.0,0.0,-1.0413888883433376e-06,0.48012803414243804
24570,41405.4409950972,41415.4489975423,10.008002445101738,sparse_transition_charge_constrained_switch,0.0,0.7472,0.7553954988989927,0.0020999999999999908,0.0020761787297172156,0.4817987152034262
24977,41479.0859989822,41489.115998894,10.029999911799678,sparse_transition_charge_constrained_switch,0.0,-0.7498,-0.7178464669306377,-0.0020000000000000018,-0.001999999999999838,0.48012803414243804
24981,41512.4400023371,41513.4499948472,1.0099925101021654,sparse_transition_charge_constrained_switch,-0.7472,0.0,0.0,0.0,-1.0481477857037033e-07,0.4817987152034262
25490,42142.5600003451,42152.5699943304,10.009993985295296,sparse_transition_charge_constrained_switch,0.0,0.7472,0.7552452090486392,0.0020999999999999908,0.0020765920849485004,0.4817987152034262
25910,42350.1310028136,42360.1409967989,10.009993985302572,sparse_transition_charge_constrained_switch,0.0,-0.7498,-0.7552452090480902,-0.0020999999999999908,-0.002083817913939398,0.48012803414243804
25917,42416.7939987034,42417.8090002388,1.0150015354010975,sparse_transition_charge_constrained_switch,-0.7498,0.0,0.0,0.0,-1.0570113151253383e-07,0.48012803414243804
26426,43046.8750007451,43056.8930011243,10.018000379197474,sparse_transition_charge_constrained_switch,0.0,0.7472,0.7187063014043115,0.0020000000000000018,0.0019999999999996054,0.4817987152034262
26863,43421.9129987061,43431.9330006838,10.020001977696666,sparse_transition_charge_constrained_switch,0.0,-0.7498,-0.7544908690464961,-0.0020999999999999908,-0.0020859023563552567,0.48012803414243804
26877,43555.4539963603,43556.4599957317,1.0059993713948643,sparse_transition_charge_constrained_switch,-0.7472,0.0,0.0,0.0,-1.0440037860664436e-07,0.4817987152034262
27386,44185.5379957706,44195.5469939858,10.008998215198517,sparse_transition_charge_constrained_switch,0.0,0.7472,0.7553203464978361,0.0020999999999999908,0.002076385407332858,0.4817987152034262
27840,44727.1299988031,44977.6209957898,250.49099698670034,long_gap_charge_constrained_plateau,0.0,-0.7472,-0.7487694258726532,-0.052100000000000035,-0.05209999999999982,0.4817987152034262
27841,44977.6209957898,44978.6439936608,1.0229978709976422,sparse_transition_charge_constrained_switch,-0.7472,0.0,0.0,0.0,-1.0616444512399741e-07,0.4817987152034262
27947,45567.6570028067,45577.6699941605,10.012991353796679,sparse_transition_charge_constrained_switch,0.0,-0.7472,-0.7550191279385657,-0.0020999999999999908,-0.0020772142054330095,0.4817987152034262
28068,46769.2849952728,46779.3049972504,10.020001977602078,sparse_transition_charge_constrained_switch,-0.7498,0.0,0.0,0.0,-1.0413888883433376e-06,0.48012803414243804
28652,48609.3509953469,48619.3750005215,10.024005174600461,sparse_transition_charge_constrained_switch,0.0,0.7472,0.7541895548055016,0.0020999999999999908,0.002079500185128728,0.4817987152034262
29059,48682.9489968717,48692.9599966854,10.010999813697708,sparse_transition_charge_constrained_switch,0.0,-0.7472,-0.7192088836270373,-0.0020000000000000018,-0.0019999999999996054,0.4817987152034262
29063,48716.3170013577,48717.3350002617,1.0179989040043438,sparse_transition_charge_constrained_switch,-0.7498,0.0,0.0,0.0,-1.0601327475160361e-07,0.48012803414243804
29572,49346.3979933411,49356.4099989831,10.012005641998257,sparse_transition_charge_constrained_switch,0.0,0.7472,0.7550934618222105,0.0020999999999999908,0.002077009615473071,0.4817987152034262
29992,49554.0019970387,49564.0330027789,10.03100574020209,sparse_transition_charge_constrained_switch,0.0,-0.7498,-0.7536632114266598,-0.0020999999999999908,-0.0020881941955570808,0.48012803414243804
29999,49620.77299878,49621.7799939215,1.006995141498919,sparse_transition_charge_constrained_switch,-0.7472,0.0,0.0,0.0,-1.045037177164987e-07,0.4817987152034262
30508,50250.8569981903,50260.8759943396,10.018996149301529,sparse_transition_charge_constrained_switch,0.0,0.7472,0.7545666139942583,0.0020999999999999908,0.0020784605341000162,0.4817987152034262
30945,50625.6949972361,50635.7120018452,10.01700460909342,sparse_transition_charge_constrained_switch,0.0,-0.7498,-0.7547166338664766,-0.0020999999999999908,-0.0020852780710833916,0.48012803414243804
30959,50759.2599939555,50760.2769970894,1.017003133900289,sparse_transition_charge_constrained_switch,-0.7498,0.0,0.0,0.0,-1.059095760570522e-07,0.48012803414243804
31468,51389.3389943987,51399.3499942124,10.010999813704984,sparse_transition_charge_constrained_switch,0.0,0.7472,0.7551693278078362,0.0020999999999999908,0.0020768008502228667,0.4817987152034262
31922,51931.3399974257,52182.1050021797,250.76500475400098,long_gap_charge_constrained_plateau,0.0,-0.7472,-0.7493868619520834,-0.052200000000000024,-0.05219999999999981,0.4817987152034262
31923,52182.1050021797,52183.1209994853,1.0159973055997398,sparse_transition_charge_constrained_switch,-0.7472,0.0,0.0,0.0,-1.054379422922567e-07,0.4817987152034262
32029,52772.1349943429,52782.1649942547,10.029999911799678,sparse_transition_charge_constrained_switch,0.0,-0.7498,-0.7537387902771656,-0.0020999999999999908,-0.0020879847038526005,0.48012803414243804
32150,53973.6629974097,53983.6829993874,10.020001977696666,sparse_transition_charge_constrained_switch,-0.7472,0.0,0.0,0.0,-1.0377777772341182e-06,0.4817987152034262
32734,55813.7179937214,55823.728993535,10.010999813595845,sparse_transition_charge_constrained_switch,0.0,0.7472,0.755169327816069,0.0020999999999999908,0.0020768008502002142,0.4817987152034262
33141,55887.407002598,55897.4189981818,10.011995583794487,sparse_transition_charge_constrained_switch,0.0,-0.7472,-0.7550942204006418,-0.0020999999999999908,-0.002077007527836999,0.4817987152034262
33145,55920.8749964833,55921.8899980187,1.0150015354010975,sparse_transition_charge_constrained_switch,-0.7472,0.0,0.0,0.0,-1.0533460318240234e-07,0.4817987152034262
33654,56550.9480021894,56560.9640009701,10.015998780705559,sparse_transition_charge_constrained_switch,0.0,0.7472,0.7188499277645495,0.0020000000000000018,0.0019999999999996054,0.4817987152034262
34074,56758.4840018302,56768.4909984469,10.006996616699325,sparse_transition_charge_constrained_switch,0.0,-0.7498,-0.7554714256007745,-0.0020999999999999908,-0.002083193628667533,0.48012803414243804
34081,56825.3460008651,56826.3629939407,1.0169930755946552,sparse_transition_charge_constrained_switch,-0.7498,0.0,0.0,0.0,-1.059085289016366e-07,0.48012803414243804
34590,57455.4409939796,57465.4519937932,10.010999813595845,sparse_transition_charge_constrained_switch,0.0,0.7472,0.755169327816069,0.0020999999999999908,0.0020768008502002142,0.4817987152034262
35027,57830.2409928292,57840.2559958398,10.015003010594228,sparse_transition_charge_constrained_switch,0.0,-0.7472,-0.7548674715327324,-0.0020999999999999908,-0.0020776317359772123,0.4817987152034262
35041,57965.0649949908,57966.0810023546,1.01600736380351,sparse_transition_charge_constrained_switch,-0.7498,0.0,0.0,0.0,-1.0580587736250082e-07,0.48012803414243804
35550,58595.1579965651,58605.1659990102,10.008002445094462,sparse_transition_charge_constrained_switch,0.0,0.7472,0.7553954988995419,0.0020999999999999908,0.002076178729715705,0.4817987152034262
36004,59137.1879976243,59394.0469946712,256.85899704689655,long_gap_charge_constrained_plateau,0.0,-0.7498,-0.7498277351166174,-0.0535000000000001,-0.053499999999999895,0.48012803414243804
36005,59394.0469946712,59395.0659994036,1.0190047324067564,sparse_transition_charge_constrained_switch,-0.7498,0.0,0.0,0.0,-1.0611802060157061e-07,0.48012803414243804
36111,59984.0919937938,59994.0979946405,10.006000846697134,sparse_transition_charge_constrained_switch,0.0,-0.7472,-0.7555466080632439,-0.0020999999999999908,-0.0020757632868483485,0.4817987152034262
36232,61185.709002614,61195.7219939679,10.012991353898542,sparse_transition_charge_constrained_switch,-0.7498,0.0,0.0,0.0,-1.0413888883433376e-06,0.48012803414243804
36816,63025.7850006223,63035.8030010015,10.018000379197474,sparse_transition_charge_constrained_switch,0.0,0.7472,0.7187063014043913,0.002000000000000224,0.0019999999999996054,0.4817987152034262
37223,63099.7499987483,63109.7720023245,10.022003576195857,sparse_transition_charge_constrained_switch,0.0,-0.7498,-0.7184192207934709,-0.0020000000000000018,-0.001999999999999838,0.48012803414243804
37227,63133.0859977752,63134.0989977121,1.012999936901906,sparse_transition_charge_constrained_switch,-0.7498,0.0,0.0,0.0,-1.0549268848343571e-07,0.48012803414243804
37736,63763.1709929556,63773.1870017946,10.01600883899664,sparse_transition_charge_constrained_switch,0.0,0.7472,0.7188492058799413,0.0019999999999997797,0.0019999999999996054,0.4817987152034262
38156,63970.6569928676,63980.6719958782,10.015003010594228,sparse_transition_charge_constrained_switch,0.0,-0.7472,-0.7548674715327324,-0.0020999999999999908,-0.0020776317359772123,0.4817987152034262
38163,64038.0140002817,64039.0279959887,1.013995706998685,sparse_transition_charge_constrained_switch,-0.7472,0.0,0.0,0.0,-1.0523022054823943e-07,0.4817987152034262
38672,64668.0909991264,64678.1060021371,10.015003010703367,sparse_transition_charge_constrained_switch,0.0,0.7472,0.7548674715245061,0.0020999999999999908,0.0020776317359998647,0.4817987152034262
39109,65042.9070007056,65052.9159989208,10.008998215198517,sparse_transition_charge_constrained_switch,0.0,-0.7498,-0.7553203464978361,-0.0020999999999999908,-0.002083610517154948,0.48012803414243804
39123,65176.2570016086,65177.2650025785,1.0080009698940557,sparse_transition_charge_constrained_switch,-0.7498,0.0,0.0,0.0,-1.0497210069984754e-07,0.48012803414243804
39632,65806.3519947231,65816.3610029966,10.009008273496875,sparse_transition_charge_constrained_switch,0.0,0.7472,0.7193519880550286,0.0019999999999997797,0.0019999999999996054,0.4817987152034262
40086,66348.1190018356,66615.279994905,267.1609930693958,long_gap_charge_constrained_plateau,0.0,-0.7498,-0.7492111692667958,-0.055600000000000094,-0.05560000000000064,0.48012803414243804
40087,66615.279994905,66616.2969980389,1.017003133907565,sparse_transition_charge_constrained_switch,-0.7498,0.0,0.0,0.0,-1.059095775724725e-07,0.48012803414243804
40193,67205.3090013564,67215.3220027685,10.013001412095036,sparse_transition_charge_constrained_switch,0.0,-0.7472,-0.7550183695038725,-0.0020999999999999908,-0.0020772162930872036,0.4817987152034262
40254,67806.0619991273,67816.077997908,10.015998780698283,sparse_transition_charge_constrained_switch,-0.7472,0.0,0.0,0.0,-1.0377777787442835e-06,0.4817987152034262
40838,69646.1250018328,69656.1319984496,10.006996616793913,sparse_transition_charge_constrained_switch,0.0,0.7472,0.7554714255936337,0.0020999999999999908,0.0020759699644624812,0.4817987152034262
41245,69720.0699940324,69730.0879944116,10.01800037920475,sparse_transition_charge_constrained_switch,0.0,-0.7498,-0.7187063014037097,-0.0019999999999997797,-0.0019999999999998374,0.48012803414243804
41249,69753.450993821,69754.477994889,1.027001068010577,sparse_transition_charge_constrained_switch,-0.7498,0.0,0.0,0.0,-1.0695075010880827e-07,0.48012803414243804
41758,70383.5129957646,70393.5189966112,10.00600084659527,sparse_transition_charge_constrained_switch,0.0,0.7472,0.7555466080709357,0.0020999999999999908,0.0020757632868256964,0.4817987152034262
42178,70592.6729958504,70602.6800025254,10.007006675004959,sparse_transition_charge_constrained_switch,0.0,-0.7498,-0.7554706662565727,-0.0020999999999999908,-0.002083195723587563,0.48012803414243804
42185,70659.5120016485,70660.5269931257,1.0149914772046031,sparse_transition_charge_constrained_switch,-0.7472,0.0,0.0,0.0,-1.0533356116825922e-07,0.4817987152034262
42694,71289.5980026573,71299.6070008725,10.008998215198517,sparse_transition_charge_constrained_switch,0.0,0.7472,0.719352710950244,0.0019999999999997797,0.0019999999999996054,0.4817987152034262
43131,71664.2170026898,71674.2319956422,10.01499295240501,sparse_transition_charge_constrained_switch,0.0,-0.7498,-0.7548682296560679,-0.0020999999999999908,-0.0020848590876971626,0.48012803414243804
43145,71797.7819994092,71798.8069988787,1.0249994695041096,sparse_transition_charge_constrained_switch,-0.7498,0.0,0.0,0.0,-1.0674230707971016e-07,0.48012803414243804
43651,72427.6509929448,72437.663994357,10.013001412211452,sparse_transition_charge_constrained_switch,0.0,0.7472,0.7550183694950943,0.0020999999999999908,0.002077216293111366,0.4817987152034262
44104,72959.2629957944,73226.2359995395,266.9730037450936,long_gap_charge_constrained_plateau,0.0,-0.7498,-0.7483902761597913,-0.05549999999999988,-0.05550000000000044,0.48012803414243804
44105,73226.2359995395,73227.2489994764,1.012999936909182,sparse_transition_charge_constrained_switch,-0.7498,0.0,0.0,0.0,-1.0549268848343571e-07,0.48012803414243804
44211,73816.261998564,73826.2809947133,10.018996149301529,sparse_transition_charge_constrained_switch,0.0,-0.7498,-0.7545666139942583,-0.0020999999999999908,-0.0020856928646507764,0.48012803414243804
44272,74416.9859983027,74426.9940007478,10.008002445101738,sparse_transition_charge_constrained_switch,-0.7472,0.0,0.0,0.0,-1.0377777787442835e-06,0.4817987152034262
44856,76257.0339940488,76267.0480012894,10.014007240592036,sparse_transition_charge_constrained_switch,0.0,0.7472,0.7189928893615555,0.002000000000000224,0.0019999999999996054,0.4817987152034262
45263,76330.9079948813,76340.9299984574,10.02200357610127,sparse_transition_charge_constrained_switch,0.0,-0.7498,-0.7543401818402599,-0.0020999999999999908,-0.0020863192448214558,0.48012803414243804
45267,76364.1579955816,76365.1849966496,1.027001067996025,sparse_transition_charge_constrained_switch,-0.7498,0.0,0.0,0.0,-1.0695075010880827e-07,0.48012803414243804
45776,76994.26099509,77004.2750023305,10.014007240504725,sparse_transition_charge_constrained_switch,0.0,0.7472,0.7549425338361277,0.0020999999999999908,0.00207742505836157,0.4817987152034262
46196,77203.4079998732,77213.4219970554,10.013997182191815,sparse_transition_charge_constrained_switch,0.0,-0.7498,-0.754943292119568,-0.0020999999999999908,-0.002084651690889981,0.48012803414243804
46203,77270.2019948512,77271.2230011821,1.021006330891396,sparse_transition_charge_constrained_switch,-0.7498,0.0,0.0,0.0,-1.0632646363066871e-07,0.48012803414243804
46712,77900.2890016884,77910.3059962392,10.016994550795062,sparse_transition_charge_constrained_switch,0.0,0.7472,0.7547173916950888,0.0020999999999999908,0.0020780450912084975,0.4817987152034262
47149,78277.4690017104,78287.4879978597,10.018996149301529,sparse_transition_charge_constrained_switch,0.0,-0.7498,-0.7545666139942583,-0.0020999999999999908,-0.0020856928646507764,0.48012803414243804
47163,78411.0969934613,78412.1119949967,1.0150015354010975,sparse_transition_charge_constrained_switch,-0.7472,0.0,0.0,0.0,-1.0533460318240234e-07,0.4817987152034262
47644,79038.406002894,79048.4209958464,10.01499295240501,sparse_transition_charge_constrained_switch,0.0,0.7472,0.7548682296560679,0.0020999999999999908,0.002077629648342651,0.4817987152034262
48084,79444.1859986633,79711.5259990096,267.34000034628843,long_gap_charge_constrained_plateau,0.0,-0.7498,-0.7487095075212497,-0.055600000000000094,-0.05560000000000065,0.48012803414243804
48085,79711.5259990096,79712.5559974462,1.0299984365992714,sparse_transition_charge_constrained_switch,-0.7498,0.0,0.0,0.0,-1.0726289334787807e-07,0.48012803414243804
48191,80301.5739955008,80311.6059970111,10.032001510291593,sparse_transition_charge_constrained_switch,0.0,-0.7498,-0.7535884032956276,-0.0020999999999999908,-0.0020884015923369847,0.48012803414243804
48252,80902.387996763,80912.4039955437,10.015998780698283,sparse_transition_charge_constrained_switch,-0.7498,0.0,0.0,0.0,-1.041388889858758e-06,0.48012803414243804
48836,82742.4629990011,82752.4819951504,10.018996149301529,sparse_transition_charge_constrained_switch,0.0,0.7472,0.7186348704708058,0.002000000000000224,0.0019999999999996054,0.4817987152034262
49243,82816.4279971272,82826.4439959079,10.015998780698283,sparse_transition_charge_constrained_switch,0.0,-0.7472,-0.7547924241533213,-0.0020999999999999908,-0.0020778384135928547,0.4817987152034262
49247,82849.8030021787,82850.8189994842,1.0159973054978764,sparse_transition_charge_constrained_switch,-0.7498,0.0,0.0,0.0,-1.0580483172250551e-07,0.48012803414243804
49756,83479.8889931291,83489.9039961398,10.015003010688815,sparse_transition_charge_constrained_switch,0.0,0.7472,0.7189214014528792,0.0019999999999997797,0.0019999999999996054,0.4817987152034262
50176,83687.2979968786,83697.3119940609,10.01399718230823,sparse_transition_charge_constrained_switch,0.0,-0.7498,-0.7549432921107916,-0.0020999999999999908,-0.0020846516909142276,0.48012803414243804
50183,83754.078996554,83755.087993294,1.0089967399981106,sparse_transition_charge_constrained_switch,-0.7498,0.0,0.0,0.0,-1.0507579939439893e-07,0.48012803414243804
50692,84384.1509964317,84394.1610004753,10.010004043608205,sparse_transition_charge_constrained_switch,0.0,0.7472,0.7552444501585726,0.0020999999999999908,0.0020765941726057146,0.4817987152034262
51129,84759.083000198,84769.1019963473,10.018996149286977,sparse_transition_charge_constrained_switch,0.0,-0.7498,-0.7545666139953542,-0.0020999999999999908,-0.0020856928646477454,0.48012803414243804
51143,84892.5350021571,84893.5509994626,1.0159973054978764,sparse_transition_charge_constrained_switch,-0.7498,0.0,0.0,0.0,-1.0580483172250551e-07,0.48012803414243804
51597,85517.1780031174,85527.1870013326,10.008998215198517,sparse_transition_charge_constrained_switch,0.0,0.7472,0.7553203464978361,0.0020999999999999908,0.002076385407331348,0.4817987152034262
52024,85788.0459968001,86054.8909988254,266.8450020253076,long_gap_charge_constrained_plateau,0.0,-0.7472,-0.7487492682401843,-0.05549999999999988,-0.05550000000000044,0.4817987152034262
52025,86054.8909988254,86055.9030029923,1.0120041668997146,sparse_transition_charge_constrained_switch,-0.7472,0.0,0.0,0.0,-1.0502354232853071e-07,0.4817987152034262
52131,86644.9249941856,86654.9419987947,10.017004609107971,sparse_transition_charge_constrained_switch,0.0,-0.7498,-0.7547166338653802,-0.0020999999999999908,-0.002085278071084907,0.48012803414243804
52565,86985.2229975164,86995.2369946986,10.013997182206367,sparse_transition_charge_constrained_switch,0.0,0.7472,0.7189936115413249,0.0019999999999997797,0.0019999999999996054,0.4817987152034262
52972,87058.8139984757,87068.8299972564,10.015998780698283,sparse_transition_charge_constrained_switch,0.0,-0.7498,-0.7188499277649919,-0.0019999999999997797,-0.0019999999999998374,0.48012803414243804
52976,87092.1619970351,87093.1719996035,1.0100025683932472,sparse_transition_charge_constrained_switch,-0.7498,0.0,0.0,0.0,-1.0518054524436593e-07,0.48012803414243804
53485,87722.2499996424,87732.2659984231,10.015998780698283,sparse_transition_charge_constrained_switch,0.0,0.7472,0.7188499277649919,0.0019999999999997797,0.0019999999999996054,0.4817987152034262
53905,87929.6550001949,87939.6709989756,10.015998780698283,sparse_transition_charge_constrained_switch,0.0,-0.7472,-0.7547924241533213,-0.0020999999999999908,-0.0020778384135928547,0.4817987152034262
53912,87996.3979996741,87997.4159985781,1.0179989040043438,sparse_transition_charge_constrained_switch,-0.7498,0.0,0.0,0.0,-1.0601327475160361e-07,0.48012803414243804
54387,88623.1159944087,88633.1339947879,10.01800037920475,sparse_transition_charge_constrained_switch,0.0,0.7472,0.754641616473975,0.0020999999999999908,0.0020782538564828638,0.4817987152034262
54813,88887.6890011132,88897.6959977299,10.00699661669205,sparse_transition_charge_constrained_switch,0.0,-0.7472,-0.7554714256013239,-0.0020999999999999908,-0.002075969964441339,0.4817987152034262
54827,89021.1340025067,89022.1419934183,1.007990911602974,sparse_transition_charge_constrained_switch,-0.7472,0.0,0.0,0.0,-1.0460705682635306e-07,0.4817987152034262
55265,89644.1530030221,89654.1629970074,10.009993985295296,sparse_transition_charge_constrained_switch,0.0,0.7472,0.7192811514749782,0.002000000000000224,0.0019999999999996054,0.4817987152034262
55684,89834.8250024021,90101.9719943404,267.14699193830893,long_gap_charge_constrained_plateau,0.0,-0.7498,-0.7492504353042553,-0.055600000000000094,-0.05560000000000064,0.48012803414243804
55685,90101.9719943404,90102.9869958758,1.0150015354010975,sparse_transition_charge_constrained_switch,-0.7498,0.0,0.0,0.0,-1.0570113151253383e-07,0.48012803414243804
